aridity_tier,month,kge_mean,kge_std,r_mean,r_std,alpha_mean,alpha_std,beta_mean,beta_std,r2_mean,r2_std,rmse_mean,rmse_std,mae_mean,mae_std,nrmse_mean,nrmse_std
Arid,1,0.6529469745585829,0.01988939505388908,0.7468531984571772,0.0028629366892256127,0.774763077145073,0.031197779680408443,1.07053992926747,0.015256901560125862,0.5425760216654035,0.008592530945812913,14.475633599486082,0.13584844599697973,11.092292494255942,0.16394596741209042,0.6763074388782445,0.006346894176091073
Arid,2,0.5916869061933392,0.01842504145103211,0.7043818309998306,0.022207855530651688,0.7600063905626464,0.054847673921187126,1.1324912008664763,0.045401688152176635,0.44070195195675976,0.06370002307014008,17.120823119080256,0.9773684985388087,13.233142555406975,0.914035251512875,0.7468893457411891,0.04263732609959439
Arid,3,0.6794288028755459,0.01716671384054749,0.8045117422883221,0.016094355473411072,0.7981195735734345,0.038368487361073844,1.1486743629523948,0.026011591648421192,0.5872296779159779,0.03307112516658194,17.467735168755738,0.7074693547550598,13.779110712666835,0.6149344884651136,0.6420508973909229,0.026004019966454503
Arid,4,0.5494798015900834,0.038203959147969514,0.7290327574833776,0.029765845632047202,0.6433266931578835,0.03261181121956621,0.9592145434838676,0.018503605703456084,0.5141341330179013,0.04298318549618444,26.109466701022257,1.1584221158239083,18.220852613488386,0.8138047878252471,0.6964925875399428,0.03090191102532555
Arid,5,0.7087076496833099,0.028823431897429738,0.777330597846602,0.01689402130707068,0.8162330491401317,0.04434027716543457,0.9984024267513268,0.021218621011479866,0.597140079681556,0.03141876490046215,17.64683603946696,0.6818348080524682,13.814247093761887,0.4387180425624393,0.6343337901568615,0.02450925803840947
Arid,6,0.7566996144776283,0.012974350156237949,0.8073038272795687,0.009223542190261693,0.8524803919407068,0.01258267092337268,1.0003860799211208,0.017357560804287752,0.6469049805000701,0.017733192865825413,16.631919732691138,0.42044655362613137,13.037259484498161,0.34001129958174175,0.5940661533989354,0.015017693136864312
Arid,7,0.8348608296151102,0.010874776131629718,0.8917397412349597,0.001980979299100275,0.8792607069929954,0.018643939105350716,1.0227816163506263,0.018271393536420065,0.7901391167227617,0.007376330330545141,12.494560157886198,0.21904471267292416,9.857524031764944,0.2159520398323103,0.4580494476683651,0.008030159396301887
Arid,8,0.8307051124718431,0.007860104909546015,0.8468526191962678,0.00531979129270622,0.9545945159507317,0.023142373781245923,1.0498644925954426,0.01791795109055502,0.6849502440648629,0.015575601634687653,12.663232304647734,0.31095977884043063,9.889802888935568,0.23143149317587972,0.5611575968668457,0.013779850042891222
Arid,9,0.8002930600455311,0.014268491518587353,0.8266329863850039,0.015886440104382334,0.9062623284077189,0.028444868219141828,1.0147639736910694,0.013023763661087127,0.6737272040911517,0.03141801691801308,14.534144957578855,0.7000084706854599,10.954767223571695,0.3905267716536798,0.5706736714617129,0.027485373593447132
Arid,10,0.798089124071333,0.010485810536187145,0.8405254224450849,0.012489178212481923,0.8778362212787778,0.01645264791401114,0.9980958278419925,0.013913691563707836,0.7040974709546912,0.023157399983663837,17.781135006994635,0.6848004308354071,13.25171582673867,0.43690959281288916,0.5436467892800536,0.020937333605240447
Arid,11,0.6934899054063276,0.02497919343509932,0.7370945798918976,0.021640774919181684,0.8463397354684024,0.029897540505294785,1.0157078769845709,0.021805478100725532,0.5280293215334393,0.04006576670939819,16.32310872885817,0.7005558916068985,12.526614011433447,0.5713926198984005,0.6864956092260167,0.029463048466699445
Arid,12,0.6017517532264488,0.023714080547070766,0.7434111558948443,0.01519193333045687,0.7100020261956713,0.020809841407117446,1.0916778512885146,0.014957796223104771,0.535630041443597,0.021979415140109333,16.176849390731462,0.38414949960477685,11.845193893915273,0.3444235307478022,0.6812933005323014,0.016178581759778366
Humid,1,0.5041399253455104,0.04462021743929268,0.6649474556300916,0.035382924122434864,0.6373932669830659,0.03721407859048672,0.971444803936879,0.03164774809956015,0.43962965446873375,0.04625128118805359,5.098957414721745,0.21309358873505685,3.4982705598137316,0.1080582619656651,0.7480564628307321,0.03126247647819437
Humid,2,0.5540845054263788,0.021651218908026956,0.6612306732253308,0.030529373161842385,0.7213507733257876,0.03385190294430525,0.956429181524002,0.06368662385018332,0.4252785133280318,0.046401100075194365,4.107655630491391,0.1664845193448863,2.7554909596671835,0.128667905342137,0.7576062298461486,0.030706008578800563
Humid,3,0.5409635784221623,0.019182251218579256,0.6918898046747655,0.03256828350170711,0.6708291473459145,0.026260737266069874,0.9264001203093019,0.03365751817899348,0.4643794193157314,0.04158397568161072,5.488297951561218,0.21221488943258776,3.769128898427405,0.13234293791299734,0.7314237431130618,0.028281811618655624
Humid,4,0.64934697798648,0.020973672493416074,0.74759374762657,0.036233974045525565,0.7935305711999606,0.02141019350549503,0.8771909598029387,0.024285241616715605,0.513892607444453,0.0640181458556853,5.660814962179326,0.3782633100031553,3.94688435670502,0.19853475823457473,0.6959720980457986,0.04650579664509874
Humid,5,0.7401732517533335,0.034652729546486495,0.8650646818056856,0.020276107266085554,0.7884891915177853,0.028650561451504672,0.9510173848749626,0.05173670714642407,0.7363713308944757,0.035211078092479774,5.391582404487775,0.34882374666192545,3.754516676821036,0.07849181256726352,0.512590299995253,0.03316348625184217
Humid,6,0.7060428209055358,0.040102500289498876,0.8325872781221968,0.013813034375817107,0.7927321950625543,0.026514990151419796,0.8802045872723342,0.045337795310851074,0.657449644512486,0.03908195757736152,7.399430562904786,0.41756512325676515,5.523305081121597,0.20348276949002997,0.5845338917770372,0.03298645274019797
Humid,7,0.7876108709723112,0.026273371915250723,0.8676368765302407,0.01050809759748039,0.9096865760339454,0.018533877741754304,0.8653375520447799,0.043124072493372245,0.6914130269740236,0.03497300418662124,7.052859385682541,0.3974421068287209,5.544892052327926,0.29371175834416374,0.5548017806641519,0.03126414075787609
Humid,8,0.6554431590676185,0.0360395033221238,0.7521462563195421,0.009285060078209444,0.8482142823896706,0.012839630457155079,0.8176463048237895,0.047885097381673535,0.37490344337219345,0.09927522821115436,9.112041620020175,0.7297898892285024,7.243552814522443,0.6404210708377076,0.7886096481184389,0.06316030717862428
Humid,9,0.6163467199439581,0.022944155279374937,0.8746927167974959,0.008845228632657597,0.722340689606155,0.010683170290534519,0.7671616495140053,0.023632256036867277,0.629366307828483,0.036020028878424,10.528660092641477,0.5152672497119364,7.62230359941258,0.3950823588281965,0.6082145133784664,0.02976570777153664
Humid,10,0.5794813218775425,0.03997088963095669,0.8266529344415072,0.009573287674035015,0.6689298845019434,0.035980868511137354,0.8084791720135105,0.02890124584985676,0.6077919399991434,0.026650162895027866,9.861615589461184,0.333313968619499,6.642892927134973,0.22836974172010904,0.6259791901659447,0.021157548299733674
Humid,11,0.3103574432446289,0.029866052628893216,0.6038165510586335,0.056758171446749404,0.46535107946879944,0.022130984050014887,0.8307623290786923,0.04872424811973865,0.3082601346952769,0.04991442232746053,9.398488531199593,0.337814227383777,5.885774706563143,0.30798778941551425,0.8312795308863091,0.029879065291625657
Humid,12,0.6022317421824125,0.033588319605632355,0.6818013412794477,0.03218291789651243,0.7750840249070106,0.03062718679583974,1.0662558073526331,0.04055399188976508,0.44871265081771766,0.05210818989495006,5.095706641966335,0.2362002400192243,3.4515350321142746,0.13048689952809608,0.7418499757509499,0.03438681906990899
Semi-Arid,1,0.6010322326235297,0.012743714349559156,0.674640294194443,0.0093108128860021,0.7952407159605974,0.04010595119471506,1.099320916848515,0.01933621206448278,0.4099177120760508,0.026786822892716746,12.971452538033862,0.29566379387559616,9.919363566647288,0.21151764798392814,0.7680085498823074,0.017505543108706955
Semi-Arid,2,0.5791187183155924,0.016533849869562935,0.6639514351105846,0.018906267445186094,0.7637248046548223,0.03925480115738398,1.0809223213987589,0.025932863687410067,0.41114466958430274,0.03785751636837076,14.437207520597742,0.470319028559822,10.752839599796001,0.35408991749949753,0.767043554943067,0.024987877961108577
Semi-Arid,3,0.6853878066749136,0.009949816212020577,0.7419918418255218,0.011685788927602742,0.8435322854980173,0.032347243479745526,1.0818197177171793,0.0214734787204397,0.5196149824000127,0.02852207222718627,16.069327869251957,0.48134901719598355,12.045817437492556,0.3915982242107741,0.6928495043075451,0.02075397494386216
Semi-Arid,4,0.641012168309424,0.02584625336867249,0.7660196761172509,0.013861150061003972,0.7348894535709288,0.023931773420706022,0.940387080943799,0.016228964608161346,0.5716120221067778,0.02397157706508037,22.366938320275406,0.624557337420883,15.447403438562674,0.4087785803564971,0.6543095068180451,0.018270439949173062
Semi-Arid,5,0.8448198382217159,0.01865886519168501,0.8879726780498294,0.003919519178556968,0.8971468253742796,0.026125088320833916,1.0188513296558646,0.019900687479564066,0.7856212164959997,0.006226563355402425,15.04480468365027,0.2177378483446286,11.534490898342614,0.10605056120811568,0.46297177778335125,0.00670041790894002
Semi-Arid,6,0.835745136810439,0.01210005027046856,0.8865262754207432,0.0013287391411795663,0.8840367978628049,0.016890809429626206,1.0159958538915728,0.018957824915570652,0.7833063250250907,0.0026821757256035982,14.664461636151128,0.09066374438835867,11.345902343917555,0.1351941819413578,0.4654965616143036,0.002877955040082573
Semi-Arid,7,0.8307136905380149,0.014425068230554883,0.8547198107871573,0.004016991614591724,0.9188801097335239,0.02873311095817731,1.0063133180696153,0.023030153517669502,0.7233922468576347,0.00508787621811553,11.72264998190019,0.1077282698710728,9.080415274071347,0.0571390804487386,0.5259173570397112,0.004833051149401562
Semi-Arid,8,0.7821615500315264,0.006473313258439245,0.792696243686434,0.005794408356272287,0.9419865627874362,0.03205586658473242,0.9985568831569033,0.019225680956389695,0.6027547025040867,0.018427617016404017,11.475382970554453,0.26666001311309306,9.032211691973007,0.19938301566305974,0.6301378948328121,0.014642873334192145
Semi-Arid,9,0.7876733919799868,0.018130327571890287,0.827169149292476,0.005262852134261779,0.8804202647071783,0.023805011270532524,0.979647922366935,0.018908709741270475,0.6776200036173328,0.011316461786037625,13.203623334499891,0.23125401934299677,10.1680509085473,0.22712739231448986,0.5677155117916699,0.009943217147231894
Semi-Arid,10,0.7376656224829442,0.009520763932681623,0.8521758829911059,0.010993616002193429,0.7881344875308859,0.014864299549090569,0.9578728027376725,0.011441716239326227,0.7168242626238944,0.017119386557000165,16.91217252008811,0.5066588713143143,12.830373457694979,0.27490970714523594,0.531951655688535,0.01593633373505405
Semi-Arid,11,0.5532429553700707,0.029066910585310378,0.6604134881056769,0.026014850341973383,0.7112024882035634,0.023686267837392937,0.9830921333740068,0.018324776503945414,0.4315043167140744,0.037113180536328734,15.729761459513503,0.5155965011952699,12.109424505151852,0.31104740770346795,0.753662695551897,0.0247038615244183
Semi-Arid,12,0.47849984941758744,0.02112035725614952,0.7150198838140842,0.006645760948233969,0.5649264947299171,0.023091903271602952,1.0328573289064082,0.018544381546482046,0.4867979345379462,0.012488784779766874,21.262325312247974,0.2582123122404037,12.893994270371229,0.25094722719256873,0.7163389721894982,0.008699309207277291
Sub-Humid,1,0.5476261042231075,0.023469855853343623,0.6480736072006718,0.021287860441471837,0.7238018153269217,0.03559036333192202,1.0593464101242283,0.007690233731898785,0.4041764869817923,0.033955643475931475,7.604164062586278,0.21481920959630688,6.026577811068823,0.12438050995943623,0.7716497564566499,0.021799265429160324
Sub-Humid,2,0.5867016031267115,0.022968841686148916,0.654326347938518,0.0132101249268458,0.8193456693479803,0.04141578549920102,1.127639394203713,0.04043085752138078,0.34563114726910393,0.03647466748078115,6.220251155639287,0.17555889151901943,4.711080207012753,0.10432504004264763,0.8086730564254095,0.022823796312248946
Sub-Humid,3,0.48736324776331336,0.01211358903197353,0.6676277123934087,0.019406715693813588,0.6178708750064584,0.019981160253590976,0.9274522435481204,0.025883256376389944,0.42532845252472856,0.01380969301342807,9.8276954559145,0.1182084134776597,7.297162727372831,0.23794508578000576,0.7580270725389712,0.009117618471176862
Sub-Humid,4,0.7508572185473923,0.010872480970474364,0.7872351529440198,0.012648629925898972,0.8972360961303183,0.03265320262204775,0.9277792963132278,0.013256532220809766,0.5830261007296575,0.028650444014273257,8.994141858272956,0.30882548055406095,7.078354576838267,0.3157582633767215,0.6454308533333941,0.022161702204169725
Sub-Humid,5,0.8543652992764825,0.030454292502026945,0.891069273787345,0.00406769721331546,0.950898095849529,0.06579707349728177,1.0444882539310578,0.05266274210571344,0.7794228400467216,0.014623037086919697,8.226256664355722,0.27140079686574303,6.346625103245533,0.14713594937045812,0.46945207764626423,0.015488170763688861
Sub-Humid,6,0.7953627968665128,0.026278637040821468,0.8525663080666398,0.00819072110077937,0.8650217609964928,0.02979762383330041,0.9806825687766644,0.040863608639108824,0.7214715945537701,0.015587836773793695,10.678809739327079,0.29860793930887886,8.1279876091513,0.20759646819310718,0.5275929178366083,0.01475290204009906
Sub-Humid,7,0.8136931288390594,0.02614393078880533,0.8658576609993993,0.00748253278178075,0.8811981359132218,0.02598505641316392,0.9633299706006941,0.03904074943823526,0.7380668873791639,0.018475859987373847,8.980853111381828,0.31568456446016446,7.045308344409927,0.3085623845104036,0.511541255873535,0.01798110675690538
Sub-Humid,8,0.6776792596127915,0.00860692522099137,0.7226644549977129,0.013392994911470175,0.8578243451580747,0.014537171578986586,0.9227516165321378,0.02600787325863576,0.4451479176316811,0.040123821168187974,10.272801525411491,0.3672179325713177,7.878123275397266,0.282231582872779,0.7445034992243584,0.026613483683199005
Sub-Humid,9,0.7158022348535733,0.01988719924764785,0.899710200935921,0.004150630859955115,0.7767205578755177,0.017582309083226274,0.8559450006624735,0.014145763504533537,0.7331309879833383,0.018655908669543086,11.6495829570521,0.40458161819553806,8.937219713577523,0.3230117646412345,0.5163446124380141,0.017932276169616804
Sub-Humid,10,0.6230712238631207,0.01489906607856118,0.8222887685855487,0.015595231805524143,0.6957684799997909,0.01613718652135945,0.8678570387519613,0.017682273647026295,0.6220501777769434,0.020766334880674066,13.308152446982124,0.3649759842112666,10.204909312346683,0.29246755615599934,0.6145913642318396,0.016855163700738012
Sub-Humid,11,0.30416573215750076,0.03714300690455814,0.6041897152843295,0.04194956523783854,0.4487747893912471,0.028242366712419437,0.8520712895724429,0.03250336840972318,0.29322697190912067,0.04302308958139694,13.903097207413799,0.4171579593582874,9.483512768732842,0.3178524416467711,0.8403953588292019,0.025215792403179123
Sub-Humid,12,0.6139982413702619,0.03194527992113331,0.6958562230532342,0.01289981656051475,0.7732279358582914,0.05531597547498424,1.0510913810301044,0.02944089669381006,0.46911397719365444,0.027933297799533463,9.38400392408819,0.2466134274295431,6.66111643235021,0.22317716060841822,0.7284180532313562,0.019142966495124862
