units,n,kge,r,alpha,beta,r2,rmse,mae,nrmse,group,aridity_tier,month,seed
fwi,9741,0.6672641401866171,0.750008213317932,0.7952112785563109,1.0792391227028528,0.5438990877736116,14.455192780379274,11.068922801117168,0.675352435567081,Arid|1,Arid,1,0
fwi,9741,0.8094675560251402,0.8521934530000722,0.8802670103907752,1.0109475143401818,0.7249863025298764,17.152199306561965,12.940888971679287,0.5244174839477832,Arid|10,Arid,10,0
fwi,10314,0.6911716608538034,0.7194587708746817,0.878968190486331,1.0449762482483895,0.48355151785801176,17.08750333347547,13.194406126534737,0.7186435014261161,Arid|11,Arid,11,0
fwi,9741,0.6147123557517558,0.760176428715925,0.7186197229168233,1.1084267639262027,0.5542383855917806,15.852988976102754,11.797587243863514,0.6676538132956477,Arid|12,Arid,12,0
fwi,9168,0.6069977814710719,0.7177527631662087,0.773525667172967,1.1532860647250736,0.4526217972015195,16.95946413349782,13.226383034897841,0.7398501218479865,Arid|2,Arid,2,0
fwi,10314,0.6720892506969182,0.8141433091976549,0.7951944367316327,1.1761744341464926,0.5822761302982202,17.583761635471458,14.105470104290072,0.6463156115256536,Arid|3,Arid,3,0
fwi,10314,0.5019933024963241,0.7181955413134657,0.5896901821611008,0.9844188829695547,0.4980459015570895,26.55910920982263,18.59456066591652,0.7084871900344496,Arid|4,Arid,4,0
fwi,9741,0.6841326000972215,0.7985931947002336,0.7570058148900964,1.0127019330441343,0.6343486892290382,16.82219146051323,13.121527433783076,0.6046910870609568,Arid|5,Arid,5,0
fwi,9741,0.7673163452641408,0.8214090742026432,0.850965486748011,1.0059731284786295,0.673433325572178,15.999024476504419,12.528800497411785,0.5714601249674572,Arid|6,Arid,6,0
fwi,10314,0.8332762030572178,0.8926046669150676,0.8770368176414287,1.0338100973504543,0.7898275889504321,12.505367579733885,9.989819437439316,0.4584456467778573,Arid|7,Arid,7,0
fwi,10314,0.8324016711758185,0.8517915944188981,0.9473857280531205,1.0579241463231515,0.6917107740086887,12.52964888321598,9.84497562159046,0.5552379904070968,Arid|8,Arid,8,0
fwi,9741,0.8161802963528527,0.8393570436566625,0.914831116097763,1.027014537587101,0.6941878219953133,14.084098016256776,10.702275657610661,0.5530028734144938,Arid|9,Arid,9,0
fwi,4658,0.4931511762241987,0.6455722936316217,0.6381691780368335,0.9811535839262956,0.41632571081873215,5.207536073047457,3.592288457674925,0.7639857912168706,Humid|1,Humid,1,0
fwi,4658,0.6076436629502076,0.8144110991369693,0.6912441182814415,0.8445327667841933,0.6159708820757951,9.762706901032537,6.622102199639912,0.6197008293718872,Humid|10,Humid,10,0
fwi,4932,0.33772427730032595,0.5882624595704382,0.48833106297743606,0.9146991819230912,0.32760287580162517,9.270941757396967,5.9701778271849815,0.8199982464605486,Humid|11,Humid,11,0
fwi,4658,0.627136851880985,0.6998206283263225,0.8160742285097978,1.1228437325570686,0.4576595666386336,5.058529918312079,3.5738886904321503,0.7364376642740147,Humid|12,Humid,12,0
fwi,4384,0.5892217034028625,0.6910081522607248,0.7316446643633494,0.9646692652035791,0.4741731700712185,3.9316229421306184,2.703594689271656,0.7251391796950303,Humid|2,Humid,2,0
fwi,4932,0.5241328615170355,0.6756460110444993,0.6569216695509792,0.9404913240532755,0.44915121862025886,5.569097521392,3.807223292854041,0.742191876390291,Humid|3,Humid,3,0
fwi,4932,0.6562272578119692,0.7329522504712382,0.811527306669234,0.8934953446475269,0.5008151309246341,5.74669088106371,3.9776371787195894,0.7065301614760446,Humid|4,Humid,4,0
fwi,4658,0.7707262023635479,0.8714317959579145,0.8111023699754893,0.9811751078845977,0.7552615088135899,5.203517301401511,3.7206811634951813,0.49471051250848724,Humid|5,Humid,5,0
fwi,4658,0.743654101387101,0.8370515658607198,0.8283692951539958,0.901491479042292,0.679987476245836,7.160973878042198,5.388065147581649,0.5656964943803029,Humid|6,Humid,6,0
fwi,4932,0.7861244532073981,0.8625581613928847,0.8969366048408207,0.8726013065436189,0.6935201246055578,7.037661274311451,5.521861370964599,0.553606245805123,Humid|7,Humid,7,0
fwi,4932,0.6581681385546472,0.7521528909417994,0.8442351084868537,0.8234833418552654,0.3959700391547475,8.980134660016635,7.053891212113802,0.7771936443675106,Humid|8,Humid,8,0
fwi,4658,0.6178426941146188,0.8670672269702856,0.7260590111742755,0.7690683673954831,0.6221795237995016,10.640427366585847,7.6555072269164794,0.6146710308778985,Humid|9,Humid,9,0
fwi,16507,0.616028984078227,0.6753179284242196,0.8436236586196229,1.1325206901647662,0.37755992294812113,13.325126173168675,10.233491585799982,0.7889487163636677,Semi-Arid|1,Semi-Arid,1,0
fwi,16507,0.7482740863013433,0.8610568231747204,0.7916348629626007,0.9746090782264906,0.7349048779697156,16.3692244421723,12.552876680045648,0.5148738894431184,Semi-Arid|10,Semi-Arid,10,0
fwi,17478,0.5603864609627522,0.6457130732783307,0.7400858969215272,1.0136197019013393,0.4073902189723495,16.066805081239284,12.352635369299856,0.7698115230546049,Semi-Arid|11,Semi-Arid,11,0
fwi,16507,0.4824257070882273,0.7166849243222357,0.5715305504401049,1.063479503547718,0.48767792664632426,21.24534133476863,13.162970877160706,0.7157667730159564,Semi-Arid|12,Semi-Arid,12,0
fwi,15536,0.596122784341897,0.675964372177818,0.7794916128609146,1.0974359709293513,0.4223792563157237,14.30489138467627,10.723173103977615,0.7600136470381808,Semi-Arid|2,Semi-Arid,2,0
fwi,17478,0.6878976761629307,0.7442749086942518,0.8520139694270199,1.1005617868597142,0.5144695730470241,16.160955222452433,12.116557750789351,0.6968001341510892,Semi-Arid|3,Semi-Arid,3,0
fwi,17478,0.6194597484281008,0.7605149594739754,0.7078371632956802,0.9541886992158306,0.5677284998549833,22.475098890437724,15.575554516473149,0.6574735737237025,Semi-Arid|4,Semi-Arid,4,0
fwi,16507,0.8403271760808262,0.8917446822572276,0.8873133000691911,1.0328314565232597,0.7914493721831584,14.84013278896467,11.54304328238854,0.4566734367322471,Semi-Arid|5,Semi-Arid,5,0
fwi,16507,0.8320131101773953,0.8871311094155117,0.877285312255143,1.0205259373033475,0.7850313880402273,14.606197624740297,11.294705875200432,0.4636470769451401,Semi-Arid|6,Semi-Arid,6,0
fwi,17478,0.8350947503298064,0.8574621048326448,0.9195432898661058,1.020085009446836,0.7292143793416859,11.599014543093636,9.023662538779982,0.5203706569920273,Semi-Arid|7,Semi-Arid,7,0
fwi,17478,0.7746856013835385,0.7858158100631865,0.9303429853703455,1.0062937522903903,0.5962960986348879,11.570791389727603,9.147355068927766,0.6353769757908387,Semi-Arid|8,Semi-Arid,8,0
fwi,16507,0.7956787460179549,0.8317043464875968,0.8845085711625104,0.9907545847738664,0.6885329837528598,12.979811847671636,10.01515730668272,0.5580923008312695,Semi-Arid|9,Semi-Arid,9,0
fwi,2839,0.5334688678721716,0.6141941791140385,0.7451907146464352,1.062268723389742,0.3506178282683824,7.941114089068179,6.23974208163888,0.8058425229110323,Sub-Humid|1,Sub-Humid,1,0
fwi,2839,0.6480779915467907,0.81753510476486,0.7177945974366015,0.8955214241837096,0.6352343315666307,13.07790841156419,10.070955744730812,0.6039583333586592,Sub-Humid|10,Sub-Humid,10,0
fwi,3006,0.30349327155606165,0.5663468353910955,0.46508738268727073,0.8954292228583618,0.28779521708432076,13.961444586077048,9.705496677861083,0.8439222611803051,Sub-Humid|11,Sub-Humid,11,0
fwi,2839,0.623473042629997,0.6981275001359482,0.7904356833827253,1.0820264631254737,0.46510136096460497,9.422002741886292,6.805540304527038,0.7313676497052596,Sub-Humid|12,Sub-Humid,12,0
fwi,2672,0.5760690486725186,0.6556256147168575,0.794372446047388,1.137262679959801,0.3523662210313888,6.190128910491305,4.800336839409044,0.8047569688847753,Sub-Humid|2,Sub-Humid,2,0
fwi,3006,0.46986930233122226,0.6514198919424242,0.6046620152998966,0.9430935616066626,0.4125204029474031,9.937184827641767,7.474235235568432,0.7664721763068747,Sub-Humid|3,Sub-Humid,3,0
fwi,3006,0.7527828204342054,0.7809135993693722,0.9010528253949617,0.942320371283594,0.5808780896635052,9.021529915073861,7.086529633475252,0.6473962544968072,Sub-Humid|4,Sub-Humid,4,0
fwi,2839,0.8615677213244834,0.8923436720015913,0.9727376777188591,1.0826460924970691,0.7772968395985012,8.269403437838983,6.455172986710599,0.4719143570622733,Sub-Humid|5,Sub-Humid,5,0
fwi,2839,0.8122835548602771,0.8489192685081038,0.8888206136173806,1.0071568422752206,0.7189347773341489,10.730685034846394,8.195559450143698,0.5301558475258489,Sub-Humid|6,Sub-Humid,6,0
fwi,3006,0.8027657455205138,0.8567950455650927,0.8654739086240109,0.9827830634410807,0.7327362504097097,9.076260588046978,7.166824217949617,0.5169755792977946,Sub-Humid|7,Sub-Humid,7,0
fwi,3006,0.6678140630757139,0.711874091919201,0.8482710241211567,0.9343549266004054,0.4493875933842649,10.23870783828603,7.810710172787568,0.7420326182963489,Sub-Humid|8,Sub-Humid,8,0
fwi,2839,0.7208388768877815,0.9007900850119308,0.7779862110780454,0.86289346130161,0.7414486600110985,11.47213172187112,8.798176005471504,0.5084794391014267,Sub-Humid|9,Sub-Humid,9,0
fwi,9741,0.6680138850949879,0.7478138618687781,0.7906216430428026,1.0527032813218358,0.5500628582087862,14.35718644099146,10.824808467853392,0.6707735398711057,Arid|1,Arid,1,1
fwi,9741,0.7850646545854145,0.8426442003742655,0.8544898771851561,0.9837778179321682,0.7089005103013122,17.646694775613444,13.072987525218416,0.5395363655016109,Arid|10,Arid,10,1
fwi,10314,0.7229376379576142,0.7696316392039473,0.8463109973135338,1.00858261369777,0.5861390203663344,15.296509836929548,11.750990293092801,0.6433202776484397,Arid|11,Arid,11,1
fwi,9741,0.6315208242652208,0.7576747688317453,0.7326471134081486,1.0746847997951317,0.563052837196545,15.695468573017623,11.28232937052185,0.6610197900240621,Arid|12,Arid,12,1
fwi,9168,0.606015968617692,0.707328579209769,0.7567500653279364,1.1019623740353264,0.47157287994027264,16.663296626612265,12.755882574637496,0.7269299278883262,Arid|2,Arid,2,1
fwi,10314,0.6969154681605467,0.8087429371550184,0.8123584234320866,1.141674302875854,0.6021912894691999,17.15948643462269,13.531634280021894,0.6307207865060418,Arid|3,Arid,3,1
fwi,10314,0.5819434953755824,0.743315451190032,0.672191179878679,0.9622420748494284,0.5401462012809125,25.4209274775964,17.869636516069438,0.6781252087329356,Arid|4,Arid,4,1
fwi,9741,0.7290954806384278,0.7799205952992431,0.8420614267607995,0.9968820968182774,0.604313853711725,17.499451111099592,13.837182562445625,0.629035886327859,Arid|5,Arid,5,1
fwi,9741,0.7572617473750903,0.8061500607766525,0.8541114071152462,0.9922167605326866,0.6468883422355893,16.63656261391496,12.974512763669019,0.5942319898527937,Arid|6,Arid,6,1
fwi,10314,0.8266147915839359,0.8948205697347004,0.8622740191179129,1.0055921495523559,0.7994620184285058,12.215378498756545,9.613991669500924,0.44781467324273133,Arid|7,Arid,7,1
fwi,10314,0.8406193964428912,0.8502492075191638,0.9583902322494867,1.0352917011397604,0.7020602492076433,12.317539180318768,9.615536494108305,0.5458385757642608,Arid|8,Arid,8,1
fwi,9741,0.8151756368819806,0.8291747674411346,0.9296160982558538,1.0049891380479428,0.6772842064022631,14.468108632954573,10.868190193936602,0.5680807984765345,Arid|9,Arid,9,1
fwi,4658,0.48973144896673404,0.6882416991130847,0.5977716037077836,0.9626761039294659,0.46398936972722993,4.990381034063319,3.3825835057092934,0.7321274685959884,Humid|1,Humid,1,1
fwi,4658,0.5915425439637036,0.841104098654402,0.6783584609505184,0.8047148078191955,0.6302829602609978,9.579060299686404,6.575963630600799,0.6080436166419331,Humid|10,Humid,10,1
fwi,4932,0.31567568805192203,0.652489043269308,0.445883027942091,0.7987780326288803,0.3359584397102212,9.213158862037506,5.661061996870859,0.8148874525293531,Humid|11,Humid,11,1
fwi,4658,0.6149887725065094,0.6972588049659478,0.7645375557317202,1.0337468734048891,0.4802416402276183,4.952096198944046,3.3113010297863243,0.7209426882716696,Humid|12,Humid,12,1
fwi,4384,0.5441069351732044,0.6884627159161836,0.6671766753725015,0.9965879966666202,0.4735122614090387,3.934092983151345,2.6261754236494146,0.7255947481831448,Humid|2,Humid,2,1
fwi,4932,0.5316920112481109,0.6886279488123241,0.6572539991815486,0.9301072465059719,0.4635739410727301,5.495706867278232,3.80690653039707,0.7324111269821547,Humid|3,Humid,3,1
fwi,4932,0.6342380981974167,0.7556963068673034,0.782309392076901,0.8365733389130178,0.4991908858103361,5.756032564610306,4.039969775054311,0.7076786800445974,Humid|4,Humid,4,1
fwi,4658,0.7364565539001504,0.8799835096692703,0.8061597555234926,0.8677988288547863,0.7446453926840613,5.315176771867349,3.716206285292113,0.5053262384993863,Humid|5,Humid,5,1
fwi,4658,0.66572349815215,0.8398290996041693,0.7716699416275082,0.8157408162461393,0.6286197245721301,7.714326555546839,5.7333415389089515,0.6094097762818299,Humid|6,Humid,6,1
fwi,4932,0.7717060717471284,0.8844131768054083,0.9382429442228731,0.8130672044753774,0.6731369906488652,7.267922144986269,5.743761204243915,0.5717193449159603,Humid|7,Humid,7,1
fwi,4932,0.6218119236611673,0.7520659152836978,0.8390011161660255,0.7641308198916811,0.2700640145453522,9.871791996972725,7.991029039404723,0.8543629120313263,Humid|8,Humid,8,1
fwi,4658,0.5983227466969427,0.8673370450862901,0.7222945570484464,0.7418821138128301,0.5941338038332686,11.028279557989004,7.991267384026991,0.6370762875564681,Humid|9,Humid,9,1
fwi,16507,0.6116344978046188,0.6686189572547456,0.8231769424660467,1.0987318293605604,0.39531667928175795,13.133683635349614,10.003003214813234,0.7776138635069736,Semi-Arid|1,Semi-Arid,1,1
fwi,16507,0.7248983216173386,0.8505696791225533,0.77266017889654,0.9591573948912728,0.7130143039853323,17.031674981424707,12.923724501227843,0.5357104591238329,Semi-Arid|10,Semi-Arid,10,1
fwi,17478,0.5772008471870408,0.6812793933961446,0.7227806496978713,0.9819519983518347,0.461279750579878,15.318871296349553,11.811579880847344,0.7339756463399327,Semi-Arid|11,Semi-Arid,11,1
fwi,16507,0.4946502866405186,0.724032490630511,0.5773075528239721,1.0234810916537518,0.5020258195488394,20.945734383016024,12.525337670203607,0.7056728565356334,Semi-Arid|12,Semi-Arid,12,1
fwi,15536,0.5862073376846058,0.6583937817878034,0.7860854164679262,1.093648865541033,0.3951630155856517,14.63802025098125,10.930940112435103,0.7777126618580594,Semi-Arid|2,Semi-Arid,2,1
fwi,17478,0.6937564536946399,0.7443316568870406,0.8681629951230148,1.1050609924216552,0.5082781139810807,16.263670639797585,12.294573879313676,0.701228839979446,Semi-Arid|3,Semi-Arid,3,1
fwi,17478,0.6692085723087347,0.7708669457176414,0.7651226160307342,0.9581236753162674,0.5876187952312366,21.95193162084378,15.30033025850958,0.6421691403117744,Semi-Arid|4,Semi-Arid,4,1
fwi,16507,0.8693551223642617,0.8888653858254548,0.9341787724779841,1.0196149838701698,0.7866935681462872,15.008386723454452,11.382939554815678,0.4618510927276374,Semi-Arid|5,Semi-Arid,5,1
fwi,16507,0.8523433729727236,0.8870462063761168,0.9056952973293385,1.0122695992291333,0.7858338280816205,14.578910952712755,11.151225465067007,0.4627809113591219,Semi-Arid|6,Semi-Arid,6,1
fwi,17478,0.8336465615366764,0.8557151257407845,0.9189358251466485,0.9831494479639854,0.7267221740978036,11.652268694200894,9.04580396214566,0.5227598166483307,Semi-Arid|7,Semi-Arid,7,1
fwi,17478,0.7784035908925968,0.7889579109931649,0.9356296478860461,0.9794412314169275,0.5975031303286829,11.553480723463807,9.08928315734789,0.6344264099730694,Semi-Arid|8,Semi-Arid,8,1
fwi,16507,0.7945607369274003,0.8327711571798337,0.8836667351170484,0.973422257008655,0.6875222297730956,13.000855440514894,9.974475509117863,0.5589971111078342,Semi-Arid|9,Semi-Arid,9,1
fwi,2839,0.5756835019751285,0.6553322883316924,0.7605675880346223,1.0626161251584993,0.408823558630092,7.576869623928265,5.9631366923835065,0.7688799915265764,Sub-Humid|1,Sub-Humid,1,1
fwi,2839,0.623013341394598,0.8236688947449279,0.6908110071232526,0.8757886930676066,0.628014793697783,13.206694987701141,10.366673373872647,0.609905899546985,Sub-Humid|10,Sub-Humid,10,1
fwi,3006,0.32459851127747474,0.6290033028667225,0.4593525624038672,0.8380463958241796,0.31241511266856514,13.71800874145934,9.401585941637768,0.8292073849957168,Sub-Humid|11,Sub-Humid,11,1
fwi,2839,0.6338816453550105,0.7153323331857891,0.7731437897143077,1.0392839526183593,0.5052021901989238,9.06194379293846,6.397527638314615,0.7034186589798967,Sub-Humid|12,Sub-Humid,12,1
fwi,2672,0.6151358168033704,0.6718883473291646,0.8849307807902057,1.1649916897291202,0.32191677719222245,6.333976485600801,4.684793507941937,0.8234580880699257,Sub-Humid|2,Sub-Humid,2,1
fwi,3006,0.49383383548831716,0.647378583048859,0.6406182046139637,0.9479707048966964,0.410993922109656,9.95008662160558,7.556801300693996,0.7674673138905291,Sub-Humid|3,Sub-Humid,3,1
fwi,3006,0.7507519284145836,0.7710566089372313,0.9341022251202491,0.9267401327900011,0.5445296342441813,9.404594483842144,7.467066517947854,0.6748854463950298,Sub-Humid|4,Sub-Humid,4,1
fwi,2839,0.8908995580239858,0.8960757092012042,0.9674051685705664,1.0063423328055041,0.7977900690842998,7.879746220766685,6.158981686518562,0.449677585516223,Sub-Humid|5,Sub-Humid,5,1
fwi,2839,0.7974282958869836,0.8642062708605459,0.859643042066589,0.9461921679183157,0.7390859136390009,10.338860013320774,7.805598459953528,0.5107975003472502,Sub-Humid|6,Sub-Humid,6,1
fwi,3006,0.8120978292804244,0.8725499202864968,0.8863534009426781,0.9215898382551437,0.7344760299025423,9.046670952690452,7.008892971804019,0.5152901804783957,Sub-Humid|7,Sub-Humid,7,1
fwi,3006,0.6749007001001013,0.7168036201113398,0.8829730656556087,0.891399531072304,0.380077256749743,10.86402956961159,8.332924653379889,0.7873517277876875,Sub-Humid|8,Sub-Humid,8,1
fwi,2839,0.7121594867450292,0.8954078764804498,0.7748250592174649,0.8543672605073364,0.7252821734421692,11.825353968884093,8.937777160578326,0.524135313213898,Sub-Humid|9,Sub-Humid,9,1
fwi,9741,0.6242547789229738,0.748291678186941,0.7266499520919514,1.0557417545556684,0.5512722906444343,14.337877375663638,11.12045743472452,0.6698714125528612,Arid|1,Arid,1,2
fwi,9741,0.8082844772789222,0.8480948748333408,0.8830673088759801,1.0025338403288768,0.7180172430008385,17.36816467368829,13.06417885061313,0.5310204864213446,Arid|10,Arid,10,2
fwi,10314,0.6543477029994467,0.7188360885879648,0.7995384523910616,1.0154121144387527,0.5091995310402467,16.657798107513404,12.760377553377761,0.7005715302235406,Arid|11,Arid,11,2
fwi,9741,0.5683316067484269,0.7265725674314077,0.6768626680134189,1.0846008600898167,0.5121021030988196,16.585336862816987,12.192600324800322,0.6984968839595351,Arid|12,Arid,12,2
fwi,9168,0.5806632783105018,0.7325708639241837,0.6845290108487931,1.0693036675724836,0.5222024741120375,15.844929981760943,12.00563598209067,0.6912289967065636,Arid|2,Arid,2,2
fwi,10314,0.6701866458997143,0.8205836734382492,0.746615705545333,1.1112790619554203,0.6358911832981267,16.41658195872564,12.809606216407316,0.6034142993846544,Arid|3,Arid,3,2
fwi,10314,0.5908707745830435,0.7663351465243016,0.6661752856166943,0.9632778076993824,0.5703202634183273,24.572760002928838,17.072281218374588,0.6554996083764449,Arid|4,Arid,4,2
fwi,9741,0.7470862229032136,0.7806589738590615,0.8743803787910688,1.0086373412649783,0.5998711820186662,17.597416771025745,13.924659076504934,0.6325573633919169,Arid|5,Arid,5,2
fwi,9741,0.7709799453692372,0.8104735996890744,0.8715906244797589,1.0064001005274983,0.6526660928553498,16.499894291070678,13.035420753797753,0.5893504111686444,Arid|6,Arid,6,2
fwi,10314,0.822586824601224,0.8907528128445971,0.8621426103496296,1.0231479377590136,0.7894940619166461,12.515286162131222,9.935954379436089,0.45880926111332354,Arid|7,Arid,7,2
fwi,10314,0.8186498569439437,0.8444879752015108,0.9206939081194856,1.0491368326224388,0.6895783835907487,12.572907062202443,9.910592245211893,0.5571549303463547,Arid|8,Arid,8,2
fwi,9741,0.7906187965629464,0.8440220592582388,0.8605807165967592,1.008581012180113,0.7116312759036252,13.676523902881916,10.553591919958572,0.5369997431064327,Arid|9,Arid,9,2
fwi,4658,0.5795662460701794,0.7147978880201112,0.6950052493801839,0.950984707895513,0.5079531788040339,4.781346532257237,3.3859739381677154,0.7014604915431559,Humid|1,Humid,1,2
fwi,4658,0.6194071072681784,0.8276658697384552,0.7057750167154294,0.830933277206403,0.6321829786850377,9.554414647943808,6.314625744194832,0.6064792010571857,Humid|10,Humid,10,2
fwi,4932,0.33955444749991803,0.6673818800416238,0.4588639718834286,0.8190986092736845,0.36385344037098344,9.017569962569734,5.509698406378352,0.7975879635682929,Humid|11,Humid,11,2
fwi,4658,0.6351274169056786,0.7084595113770961,0.7830755080707086,1.0328619869858726,0.4950181103862811,4.881195841347898,3.3513800640309634,0.7106207776400286,Humid|12,Humid,12,2
fwi,4384,0.5587835705045513,0.6643325243595957,0.7595316118961885,0.844519333109658,0.3999762375217891,4.1998590422560955,2.9705128810647934,0.7746120077033476,Humid|2,Humid,2,2
fwi,4932,0.536552699319568,0.7285249871829026,0.6464526691172584,0.8731575672354681,0.49222937982925297,5.346904297310447,3.600403611035513,0.7125802552490119,Humid|3,Humid,3,2
fwi,4932,0.6471456586701047,0.7526095308535355,0.7762325949390773,0.8849683069621791,0.5305988953024048,5.572616852188585,3.9333243022047846,0.6851285315162368,Humid|4,Humid,4,2
fwi,4658,0.7701002255136724,0.8774409234433643,0.8062984455229681,0.9823113919250139,0.7644067243269201,5.105371022847878,3.6631537617670133,0.48537951715444266,Humid|5,Humid,5,2
fwi,4658,0.727249526182437,0.8404057481993447,0.7972776469190685,0.9115345077376252,0.6878141243168332,7.072862694471095,5.394648756648487,0.5587359624036802,Humid|6,Humid,6,2
fwi,4932,0.8073499508514709,0.8682860591153053,0.8971618640571908,0.9041365710535966,0.7251702228095893,6.664372626890279,5.219944983135351,0.5242420978807508,Humid|7,Humid,7,2
fwi,4932,0.7049890452373277,0.7655382618159052,0.8668085972739902,0.8803371110262068,0.5016721943516943,8.156637636827805,6.474785700014554,0.7059233709463838,Humid|8,Humid,8,2
fwi,4658,0.6406861916397413,0.8876159271283318,0.7297826199684178,0.7915322553199278,0.6735199740373412,9.891100944431452,7.13772360084765,0.5713843067171681,Humid|9,Humid,9,2
fwi,16507,0.5863770506582047,0.6904273775109472,0.7420722821212817,1.0933917982337424,0.4491070670810745,12.535918402981151,9.723770218878624,0.7422216198137357,Semi-Arid|1,Semi-Arid,1,2
fwi,16507,0.7406948819362715,0.8568239957669951,0.7916131339259321,0.9424266544854025,0.7211823681481635,16.78755128133111,12.840894000266381,0.5280318473840725,Semi-Arid|10,Semi-Arid,10,2
fwi,17478,0.5187310579435473,0.6296208857152521,0.6939789714235112,0.9718888570354991,0.38951600180755364,16.30730746904636,12.400206736924222,0.7813347542458651,Semi-Arid|11,Semi-Arid,11,2
fwi,16507,0.46620257671471577,0.7155093397416421,0.5491041473370396,1.0264136968846551,0.48341636030602,21.333519199253637,13.091191242063728,0.7187375318528871,Semi-Arid|12,Semi-Arid,12,2
fwi,15536,0.5643509069899114,0.6889435431682994,0.6969943305203451,1.0349510681812064,0.4715120609554688,13.682980692849023,10.161401546816078,0.7269717594546099,Semi-Arid|2,Semi-Arid,2,2
fwi,17478,0.6875407664857776,0.7583696829795916,0.809950558195274,1.0559175480026117,0.5638474293439859,15.317151911836898,11.401106119858003,0.6604184814615761,Semi-Arid|3,Semi-Arid,3,2
fwi,17478,0.6658166884892496,0.7840441416294858,0.752034797914619,0.9403777601686937,0.6003539474946205,21.61031381130476,14.859062177432335,0.6321756500414895,Semi-Arid|4,Semi-Arid,4,2
fwi,16507,0.8504544668222827,0.8906076774162068,0.9013782636504057,1.0259024974186317,0.7907383428220724,14.865409125419033,11.493570306448675,0.4574512620792816,Semi-Arid|5,Semi-Arid,5,2
fwi,16507,0.8348605574572159,0.8866028525036495,0.8810735145108964,1.016389431724208,0.7848397156511078,14.612707833357646,11.458209667958243,0.46385373163195776,Semi-Arid|6,Semi-Arid,6,2
fwi,17478,0.8267941199893303,0.8492094611572436,0.9148016658236973,1.0019323869604015,0.7168342591300612,11.861200520251044,9.153934730588047,0.5321331984286818,Semi-Arid|7,Semi-Arid,7,2
fwi,17478,0.788040365829091,0.7968721649362741,0.9404058051025892,0.9892994825022912,0.6134717414944764,11.321975624784692,8.903718143238564,0.6217139684014857,Semi-Arid|8,Semi-Arid,8,2
fwi,16507,0.7552972875203906,0.8213606475740262,0.8401526027792592,0.9508450525230492,0.6626666257374043,13.508030142584598,10.50586183605036,0.580804075624987,Semi-Arid|9,Semi-Arid,9,2
fwi,2839,0.5694386854670381,0.6687463122577818,0.7310647953310613,1.0576879157121246,0.43522163816151693,7.405771014560443,5.944639184724154,0.7515173729452189,Sub-Humid|1,Sub-Humid,1,2
fwi,2839,0.6197847147973039,0.8062716056013792,0.7061545911253444,0.8561672916587244,0.5961169905397852,13.761288678096243,10.490328554693068,0.635517906482748,Sub-Humid|10,Sub-Humid,10,2
fwi,3006,0.31404453881990213,0.6583980961438767,0.42863308710653225,0.834522252688583,0.323852015175216,13.603441488784041,9.109346186551722,0.8222821807778543,Sub-Humid|11,Sub-Humid,11,2
fwi,2839,0.6078339030418398,0.6974318214000952,0.7511783672916783,1.0182904346175328,0.4828383007099334,9.264471651069785,6.473319018236735,0.71913955480843,Sub-Humid|12,Sub-Humid,12,2
fwi,2672,0.6050680181575581,0.6608769100651374,0.8062142022116767,1.058428287075466,0.4050848494038777,5.932837616821644,4.563695364439265,0.7713074293666063,Sub-Humid|2,Sub-Humid,2,2
fwi,3006,0.4865135492619531,0.6934952046798902,0.6049333247874782,0.8831861837201691,0.4324671916705707,9.767028606774483,7.0019122650201675,0.7533477340043105,Sub-Humid|3,Sub-Humid,3,2
fwi,3006,0.7672242362254235,0.8024676700132444,0.9082816785991218,0.9178216310076299,0.6032950265937365,8.776954231487332,6.791792888548611,0.6298451979703135,Sub-Humid|4,Sub-Humid,4,2
fwi,2839,0.8589403124757704,0.8878844429903086,1.0254171507908798,1.0817429248712915,0.7571784294720922,8.634846509034961,6.498699329390987,0.492769287322077,Sub-Humid|5,Sub-Humid,5,2
fwi,2839,0.8087159608407513,0.8460502867974686,0.8864800653344991,0.9984854454530274,0.7141603839989294,10.821441141700237,8.267546336937007,0.5346397067194604,Sub-Humid|6,Sub-Humid,6,2
fwi,3006,0.8388020656830193,0.8721403963144896,0.9037146229132144,0.9808735279598837,0.7580446401404735,8.635839285533745,6.709602271616174,0.4918895809625637,Sub-Humid|7,Sub-Humid,7,2
fwi,3006,0.6901410914189381,0.7344206840356986,0.8538006025391557,0.9359226534486116,0.48817899949836474,9.871455790386612,7.578562951155808,0.7154166621638297,Sub-Humid|8,Sub-Humid,8,2
fwi,2839,0.6837325675922274,0.8958846624720266,0.7484025677857197,0.8391155153645268,0.7052740703310865,12.248415250578107,9.485662257395633,0.5428866637419946,Sub-Humid|9,Sub-Humid,9,2
fwi,9741,0.6653853543382866,0.7425903412938588,0.8011481374089222,1.0785185674866848,0.5317414688038788,14.646581306594108,11.231489042344624,0.6842941846867625,Arid|1,Arid,1,3
fwi,9741,0.7941406142055555,0.839795773904711,0.8718684506395491,0.9828244732434254,0.7030978591013782,17.821707708001487,13.159793639861505,0.5448872735700676,Arid|10,Arid,10,3
fwi,10314,0.702581108268461,0.7478452048538644,0.8429611943804969,0.9853449676483713,0.549309549428175,15.962624137666793,12.150722473680057,0.6713348274682499,Arid|11,Arid,11,3
fwi,9741,0.5929127443186063,0.7310990159501655,0.7061887083420757,1.0841856247202646,0.5206813040800791,16.438871790616716,11.968521032180043,0.69232845956231,Arid|12,Arid,12,3
fwi,9168,0.600033493009599,0.6817785490387005,0.8374265446261098,1.1796613104426812,0.3589453801959883,18.35337309701615,14.355912937291949,0.8006588660622023,Arid|2,Arid,2,3
fwi,10314,0.698124494814162,0.8000108453216035,0.8515087144905509,1.1705388424083396,0.5622197364248498,18.000941924546364,14.160077353377892,0.6616496531965768,Arid|3,Arid,3,3
fwi,10314,0.5516002626463978,0.7310297777667085,0.647464810032426,0.933394565949319,0.5046652992041402,26.383407132251524,18.318672615113716,0.7038001852769433,Arid|4,Arid,4,3
fwi,9741,0.6805186197517609,0.7514448889943528,0.8028803073862758,0.9621511439781697,0.5471701553965393,18.720460399960363,14.339766556891954,0.672926329254147,Arid|5,Arid,5,3
fwi,9741,0.7399518747504472,0.799169374341861,0.8366097383207524,0.9755928364623317,0.630491710088448,17.018436718482853,13.190047456875076,0.6078719354531446,Arid|6,Arid,6,3
fwi,10314,0.8439669590183889,0.8904907221150508,0.8889404370610327,1.004449878076041,0.7928557291568157,12.414952769318374,9.646945407462987,0.45513104798858134,Arid|7,Arid,7,3
fwi,10314,0.8314400183359693,0.8386780868763911,0.9625159650320878,1.031347326636278,0.6808111372509746,12.749219313987027,9.824379090163873,0.5649680192267746,Arid|8,Arid,8,3
fwi,9741,0.7862551886258564,0.8119791741465452,0.8983744255284837,1.002693705271055,0.6517999444643742,15.028514992982585,11.096991251746841,0.5900847867346063,Arid|9,Arid,9,3
fwi,4658,0.4977655678603943,0.6469829194098133,0.6434024572694562,1.0213672215487128,0.41808168064063267,5.199696800093195,3.603329335187402,0.7628357092843565,Humid|1,Humid,1,3
fwi,4658,0.5214334708782451,0.8259569901905125,0.6136364868575958,0.7776080279228645,0.5713900258923572,10.313814360060727,6.919505584359701,0.654683109685627,Humid|10,Humid,10,3
fwi,4932,0.2828468463689614,0.5275408715693587,0.48926107512543715,0.8261127711892607,0.2416632374220169,9.84559538817886,6.297339174259134,0.8708253341388175,Humid|11,Humid,11,3
fwi,4658,0.5580543372516331,0.628705957125509,0.7799306707419729,1.0950062780448269,0.36129225619707894,5.489583835051331,3.601311008988532,0.7991919317679083,Humid|12,Humid,12,3
fwi,4384,0.5331105519043253,0.6192674672852554,0.7300737196393028,0.9870270108942536,0.3709893110998582,4.300109377897644,2.7385786613976424,0.7931019410518056,Humid|2,Humid,2,3
fwi,4932,0.5386472029523992,0.6481154884840998,0.7116231985284639,0.9234329426456308,0.40443921079709744,5.790708118857695,3.9467065751535326,0.7717258510655857,Humid|3,Humid,3,3
fwi,4932,0.627871809885461,0.6986297756328129,0.8214766610573057,0.8743624451227038,0.43092559865215185,6.135806503310304,4.158005526975574,0.7543702017894449,Humid|4,Humid,4,3
fwi,4658,0.6858176676258869,0.8300452987620947,0.7443555072281822,0.9331282509679009,0.6754211160724977,5.9924717461262835,3.848852445169931,0.5697182496001881,Humid|5,Humid,5,3
fwi,4658,0.6595660714430209,0.8080078909411541,0.762016628674325,0.8503397021774296,0.6032308821909604,7.973656690889994,5.756648289703738,0.6298961166803931,Humid|6,Humid,6,3
fwi,4932,0.7539284736575298,0.8560876165786377,0.8972351500842158,0.8288865651204378,0.6422470699961297,7.603595039476497,5.926268573153768,0.5981245104523558,Humid|7,Humid,7,3
fwi,4932,0.6193989641893627,0.7392899902115634,0.8355541541684716,0.7767400549919522,0.2792686657971808,9.809351806204937,7.814115616141141,0.8489589708594988,Humid|8,Humid,8,3
fwi,4658,0.5884023058322514,0.8717485746087581,0.7040253323433853,0.744337664418713,0.5973082511173198,10.985066528909966,8.016291576954252,0.6345799783184781,Humid|9,Humid,9,3
fwi,16507,0.5998985363202745,0.6676458714222465,0.794099589124443,1.0850113831040153,0.4091157093015656,12.982961763468252,9.90369558808587,0.7686899834773668,Semi-Arid|1,Semi-Arid,1,3
fwi,16507,0.7310062214912398,0.8586503995881869,0.7752956330671645,0.9565731555238665,0.7253755003518876,16.660839265409674,12.599854228707724,0.5240462762467762,Semi-Arid|10,Semi-Arid,10,3
fwi,17478,0.5828555887408893,0.6927790997078348,0.7184142729353117,0.9817173146985336,0.4781163844869568,15.077590661292962,11.739654363485577,0.7224151268578498,Semi-Arid|11,Semi-Arid,11,3
fwi,16507,0.5003644590849147,0.7133140536952957,0.592333830129593,1.0354278969186503,0.49265774665081974,21.141835815436266,12.84472916451944,0.7122796173899547,Semi-Arid|12,Semi-Arid,12,3
fwi,15536,0.5901489721031455,0.6564592316820146,0.7946567995860077,1.0882710349737412,0.39228170852187483,14.672844940550906,10.87188790495267,0.7795628848772401,Semi-Arid|2,Semi-Arid,2,3
fwi,17478,0.6895985951984623,0.7266544017904771,0.8782555249604916,1.082519687587876,0.48627853498422613,16.623507264917833,12.405880762751519,0.7167436536278322,Semi-Arid|3,Semi-Arid,3,3
fwi,17478,0.6375924441669286,0.7682686865805675,0.7332265871546131,0.9195526190318776,0.5647102858826087,22.553425428234362,15.527633401050313,0.6597648930622114,Semi-Arid|4,Semi-Arid,4,3
fwi,16507,0.8176801783218901,0.8817891032808018,0.8620644676447173,0.9844922539534064,0.7763286299686414,15.368703609734217,11.58547362189963,0.4729390764478641,Semi-Arid|5,Semi-Arid,5,3
fwi,16507,0.8191795123096518,0.8842376229067171,0.8615359093734465,0.9889177427728136,0.7808147306068035,14.748753869094145,11.338332059178828,0.4681722646560735,Semi-Arid|6,Semi-Arid,6,3
fwi,17478,0.8092249581457822,0.8521349565115774,0.880065151159871,0.9878889495773133,0.7245638630988849,11.698192212605711,9.050117950691234,0.5248200995589967,Semi-Arid|7,Semi-Arid,7,3
fwi,17478,0.7799043167605509,0.8000885012720135,0.908532999756737,0.9894505771025586,0.6274759239289605,11.114981998410833,8.760318216830996,0.6103475043539045,Semi-Arid|8,Semi-Arid,8,3
fwi,16507,0.7953504294429993,0.8278094736844184,0.8907349444770348,0.9828822601406856,0.6799005184363565,13.158453534426952,10.047188458628444,0.5657733482266936,Semi-Arid|9,Semi-Arid,9,3
fwi,2839,0.5369182618142262,0.6419060316298475,0.714168986736168,1.0671865902888729,0.39581213977821283,7.659796862881498,6.0339587466529885,0.7772952207635059,Sub-Humid|1,Sub-Humid,1,3
fwi,2839,0.6151688997005298,0.847855379200298,0.6771854014122762,0.8559940103396302,0.6456910870220998,12.88909285215155,9.758883544287379,0.5952385345203218,Sub-Humid|10,Sub-Humid,10,3
fwi,3006,0.33711452462560343,0.6081446121829494,0.4799263514600093,0.8759439296310306,0.32145206503923485,13.62756243795793,9.299961815698351,0.8237402108436646,Sub-Humid|11,Sub-Humid,11,3
fwi,2839,0.6429593233083204,0.6860223196381878,0.8513381231843088,1.0824360808669629,0.4293996944096171,9.731358671970797,6.929736790607887,0.7553809009965655,Sub-Humid|12,Sub-Humid,12,3
fwi,2672,0.578550466716873,0.6382942262854813,0.8319301452697162,1.1361659513134184,0.31262337444527366,6.377233620959792,4.822540418523206,0.829081796661057,Sub-Humid|2,Sub-Humid,2,3
fwi,3006,0.5024606384155332,0.6655547308272453,0.6387004308754253,0.9282058525766963,0.42689630016538593,9.814848030394698,7.349976346346332,0.7570361284870188,Sub-Humid|3,Sub-Humid,3,3
fwi,3006,0.7459976769735999,0.7845520772557789,0.8981237635058816,0.9121330259665082,0.5689405478309344,9.149104696614817,7.305544432902372,0.6565511801596776,Sub-Humid|4,Sub-Humid,4,3
fwi,2839,0.8063841700403371,0.8860169613022497,0.8462721658872226,0.97062808281384,0.781865425059873,8.18414366031786,6.227028174485319,0.46704879289012935,Sub-Humid|5,Sub-Humid,5,3
fwi,2839,0.7494402490407872,0.845662921385222,0.8159220052399611,0.9287571280020123,0.7006826584323267,11.073625485728977,8.323031506532455,0.5470990235484554,Sub-Humid|6,Sub-Humid,6,3
fwi,3006,0.7765584537622693,0.8589059866527103,0.8448212430687223,0.9229405594367164,0.7117554881249519,9.425783308443625,7.502763693193646,0.5368840767568434,Sub-Humid|7,Sub-Humid,7,3
fwi,3006,0.6820105254488615,0.7395431322093728,0.8476538149870629,0.8996497839663071,0.44462910985027393,10.282854965507907,7.916782247294715,0.7452321048839254,Sub-Humid|8,Sub-Humid,8,3
fwi,2839,0.7264284177014031,0.9054436080838054,0.7934812226275376,0.8475188733589224,0.7393979266240558,11.517538210962401,8.81345621418292,0.5104919914905074,Sub-Humid|9,Sub-Humid,9,3
fwi,9741,0.6398167142500488,0.745561897618376,0.7601843746253777,1.086496920270308,0.5359044028963066,14.581330093801926,11.215784725240006,0.6812456217134121,Arid|1,Arid,1,4
fwi,9741,0.7934883182616331,0.8198988101130346,0.8994884593024286,1.0103954933653103,0.6654854398400509,18.91690857110798,14.020730146321005,0.5783723369594617,Arid|10,Arid,10,4
fwi,10314,0.6964114169523126,0.7297011959390298,0.8639198427705885,1.024223440889571,0.5119469889744284,16.61110822870564,12.77657361048187,0.6986079093637372,Arid|11,Arid,11,4
fwi,9741,0.6012812350482342,0.7415329985449778,0.7156919182978899,1.1064912079111575,0.5280755772507607,16.311580751103232,11.984931498210635,0.6869675558199523,Arid|12,Arid,12,4
fwi,9168,0.5647240095578312,0.6824783996602912,0.7478006648374257,1.1582425875568165,0.398167228333981,17.783051756514098,13.821898248116911,0.7757788162008672,Arid|2,Arid,2,4
fwi,10314,0.6598281548063881,0.7790779463290843,0.7849205876675697,1.1437051733758674,0.5535700500894929,18.17790389041254,14.288765609237009,0.6681541363416881,Arid|3,Arid,3,4
fwi,10314,0.5209911728490692,0.6862878706223802,0.6411120081005174,0.9527393859516535,0.4574929996290371,27.61112968251189,19.249112051967664,0.7365507452789406,Arid|4,Arid,4,4
fwi,9741,0.7027053250259255,0.7760353363801191,0.8048373178724176,1.0116396186510745,0.5999965180518116,17.594660454735884,13.84809983918385,0.6324582847494278,Arid|5,Arid,5,4
fwi,9741,0.7479881596292259,0.7993170273876126,0.8491247030397654,1.0217475736044581,0.6310454317487852,17.005680563482784,13.457515950737182,0.6074163055526373,Arid|6,Arid,6,4
fwi,10314,0.8478593698147842,0.8900299345653829,0.9059096507949727,1.046908019015267,0.7790561851614088,12.821815779490967,10.100909264985411,0.47004660921933167,Arid|7,Arid,7,4
fwi,10314,0.8304146194605926,0.8490562319653752,0.9839867462994778,1.0756224562555838,0.6605906762662594,13.146847083514453,10.253530993603315,0.5825884685897418,Arid|8,Arid,8,4
fwi,9741,0.7932353818040194,0.8086318874224384,0.9279092855597347,1.0305414753691349,0.6337327716901833,15.413479242818415,11.552787094605797,0.6052001555764975,Arid|9,Arid,9,4
fwi,4658,0.4604851876060455,0.6291424779758268,0.6126178465210719,0.941042402384408,0.39179833235303996,5.3158266341475215,3.527177562329323,0.779872853513289,Humid|1,Humid,1,4
fwi,4658,0.5573798243273783,0.8241266144871975,0.6556353397047312,0.7846069803348963,0.5891328530815294,10.098081738582444,6.78226747687962,0.640989194073091,Humid|10,Humid,10,4
fwi,4932,0.275985957002017,0.583408500842439,0.4444162594156044,0.7951230503785449,0.27222268017153783,9.645176685814905,5.990596128122388,0.8530986577345333,Humid|11,Humid,11,4
fwi,4658,0.5758513323672563,0.6747618046023628,0.7318021614808536,1.0468201657705083,0.4493516806389767,5.0971274161763205,3.419794367333405,0.7420568168011283,Humid|12,Humid,12,4
fwi,4384,0.54519976614695,0.6430825063048947,0.7183271953575958,0.9893423017458992,0.4077415865382541,4.172593807021253,2.738593142952411,0.7695832725974142,Humid|2,Humid,2,4
fwi,4932,0.5737931170736976,0.7185345878500019,0.6818942003513225,0.964811521106163,0.5125033462593174,5.2390729529677165,3.6844044826968694,0.6982096058782653,Humid|3,Humid,3,4
fwi,4932,0.6812520653674486,0.7980808743079604,0.7761069012572853,0.8965553633692662,0.607932526532738,5.092928009723725,3.625485000570842,0.6261529154026689,Humid|4,Humid,4,4
fwi,4658,0.73776560936341,0.8664218811957847,0.7745298793387944,0.990673344742514,0.7421219125753094,5.341375180195857,3.8236897283809403,0.5078169822137605,Humid|5,Humid,5,4
fwi,4658,0.7340209073629698,0.8376420860055958,0.8043274629378738,0.9219164311581853,0.6875960152366698,7.075332995573803,5.34382167276516,0.5589311091389798,Humid|6,Humid,6,4
fwi,4932,0.8189454053980287,0.866839368758967,0.9188563169646267,0.9079961130308689,0.7229907268099763,6.690745842748208,5.312624130141995,0.5263167042665695,Humid|7,Humid,7,4
fwi,4932,0.6728477236955878,0.7516842233447448,0.8554724358530119,0.8435401963538425,0.42754230301199236,8.742292000078779,6.883942504937996,0.7566093423874751,Humid|8,Humid,8,4
fwi,4658,0.6364796614362359,0.879694810193814,0.7295419274962505,0.788987846623073,0.6596899863549837,10.098426065291115,7.310728208317527,0.5833609634223192,Humid|9,Humid,9,4
fwi,16507,0.5912220942563233,0.6711913363600565,0.7732311074715925,1.0869488833794905,0.41848918176773486,12.879572715201611,9.732857225658734,0.7625685662497932,Semi-Arid|1,Semi-Arid,1,4
fwi,16507,0.7434546010685276,0.8337785173030738,0.809468628802192,0.95659773056133,0.6896442626643732,17.71157263010275,13.2345178782273,0.5570958062448746,Semi-Arid|10,Semi-Arid,10,4
fwi,17478,0.527040822016124,0.6526749884308223,0.6807526500395957,0.9662827948828278,0.42121922772363407,15.878232789639362,12.24304617520226,0.760776427261233,Semi-Arid|11,Semi-Arid,11,4
fwi,16507,0.44885621755956073,0.7055586106807362,0.534356392918876,1.015484455527266,0.4682118195377277,21.64519582876532,12.845742397908666,0.7292380821530594,Semi-Arid|12,Semi-Arid,12,4
fwi,15536,0.5587635904584021,0.6399962467369877,0.7613958638389178,1.0903046673684627,0.37438730654279484,14.887300333931249,11.076795330798545,0.7909568214872447,Semi-Arid|2,Semi-Arid,2,4
fwi,17478,0.6681455418327575,0.7363285587762478,0.8092783797842865,1.0650385737140398,0.5252012606437466,15.98135430725504,12.010968674750231,0.6890564123177823,Semi-Arid|3,Semi-Arid,3,4
fwi,17478,0.6129833881541065,0.7464036471845845,0.7162261034589973,0.9296926509863257,0.5376485820704395,23.2439218505564,15.974436839347996,0.6799642769510473,Semi-Arid|4,Semi-Arid,4,4
fwi,16507,0.8462822475193189,0.8868565414694555,0.9007993230290995,1.0314154565138554,0.7828961693598389,15.141391170678977,11.667427726160549,0.46594402092972625,Semi-Arid|5,Semi-Arid,5,4
fwi,16507,0.8403291311352085,0.8876135859017206,0.8945939558452003,1.041876558428361,0.7800119627456941,14.775737900850793,11.48703865218326,0.46902882347922487,Semi-Arid|6,Semi-Arid,6,4
fwi,17478,0.8488080626884795,0.8590774056935361,0.9610546166712963,1.0385107963995401,0.7196265586197381,11.802573939349664,9.128557188151811,0.5295030135705197,Semi-Arid|7,Semi-Arid,7,4
fwi,17478,0.7897738752918547,0.7917468311675311,0.9950213758214631,1.0282993724723488,0.5790266181334264,11.815685116385332,9.26038387351982,0.6488246156447623,Semi-Arid|8,Semi-Arid,8,4
fwi,16507,0.7974797599911887,0.8222001215365047,0.9030384700000387,1.0003354573884184,0.6694776603869476,13.370965707301375,10.297571432257111,0.5749107231675649,Semi-Arid|9,Semi-Arid,9,4
fwi,2839,0.5226212039869733,0.6601892246699982,0.6680169918863217,1.0469726960719021,0.4304072700707574,7.437268722493004,5.951412349944585,0.7547136741369158,Sub-Humid|1,Sub-Humid,1,4
fwi,2839,0.6093111718763816,0.8161128586162777,0.6868968029014794,0.8558137745101354,0.605193686058418,13.605777305397497,10.337705344149514,0.6283361472504841,Sub-Humid|10,Sub-Humid,10,4
fwi,3006,0.24157781450846183,0.5590557298370035,0.41087456329855615,0.8164146468600599,0.22062044957826665,14.605028782790644,9.901173221915286,0.8828247563484688,Sub-Humid|11,Sub-Humid,11,4
fwi,2839,0.561843292516142,0.6823671409061509,0.7000437157184366,1.0334199739221939,0.4630283396851931,9.440242762575624,6.699458410064772,0.7327835016666294,Sub-Humid|12,Sub-Humid,12,4
fwi,2672,0.558684665283237,0.6449466412959489,0.779280772420915,1.1413483629407608,0.3361645142727573,6.267079144322897,4.68403490475031,0.8147609991446833,Sub-Humid|2,Sub-Humid,2,4
fwi,3006,0.48413891331954095,0.6802901514686246,0.6004403994555284,0.934804914940378,0.443764445730627,9.669329193155969,7.102888489235227,0.7458120100061226,Sub-Humid|3,Sub-Humid,3,4
fwi,3006,0.7375294306891488,0.7971858091444725,0.8446199880313773,0.9398813205184058,0.6174872053159308,8.61852596434662,6.740839411317244,0.6184761876451422,Sub-Humid|4,Sub-Humid,4,4
fwi,2839,0.8540347345178355,0.893025583441372,0.9426583162801172,1.0810818366675843,0.7829834370188419,8.163143493820117,6.3932433391222006,0.4658503654406188,Sub-Humid|5,Sub-Humid,5,4
fwi,2839,0.8089459237037648,0.8579927927818581,0.8742430787240345,1.0228212602347455,0.7344942393644444,10.42943702103901,8.048202292189806,0.5152725110420269,Sub-Humid|6,Sub-Humid,6,4
fwi,3006,0.8382415499490701,0.8688969561782071,0.9056275040174834,1.0084628639106459,0.7533220283181421,8.719711422194338,6.838458567486178,0.49666686187207804,Sub-Humid|7,Sub-Humid,7,4
fwi,3006,0.6735299180203427,0.7106807467129524,0.8564232184873889,0.9524311875730603,0.4634666286757586,10.106959463265314,7.7516363523683465,0.7324843829900003,Sub-Humid|8,Sub-Humid,8,4
fwi,2839,0.7358518253414256,0.9010247726313926,0.7889077286688213,0.875829892779972,0.7542521095082815,11.184475632964775,8.651026930259235,0.49572965464224406,Sub-Humid|9,Sub-Humid,9,4
