,tmax,tmin,rhmax,rhmin,precip,vpd,wind_speed
veg_onehot_nlcd41,-0.0031519276459856553,0.008647860791267172,0.10217158815381824,0.15589099998010572,0.08027271869954938,-0.07012929490961158,0.048692921715305655
veg_onehot_nlcd42,-0.15396447154130757,-0.08645578667049332,0.0066708798243104404,0.055861997189257995,0.05248946291863777,-0.14725324786726487,0.05975253286905271
veg_onehot_nlcd43,0.008540672888037556,0.01835061451642209,0.05972744405550893,0.08244848679028034,0.04684821244693346,-0.03569169966896798,0.01717282597898385
veg_onehot_nlcd52,0.05187284166041368,0.001718108875901779,-0.31507246217239027,-0.3926379886005054,-0.20324108206687333,0.24324790217045825,-0.17931383185162128
veg_onehot_nlcd71,0.014831267975287532,-0.022139679760873103,0.17298948127993466,0.14061592345502336,0.05860951100159287,-0.063441070987484,0.13547320181898784
veg_onehot_nlcd81,0.06259691548931715,0.11118962879588855,0.2415784320505202,0.32517213160971054,0.15916670141980876,-0.12507025230028904,0.03841327693443681
elevation,-0.3637715977062887,-0.3566144176558123,-0.4005717437146918,-0.46856328227544486,-0.2123071348253492,-0.04673291168333674,-0.04112303754439648
map_mean_annual_precip,0.08175431841353187,0.13817293530078512,0.5214748973663837,0.6102098944212688,0.31285521036479375,-0.2734056669003794,0.1950334633946424
mavpd_mean_annual_vpd,0.2370842292454999,0.16978474295072266,-0.42893740309895173,-0.40142337453621396,-0.18494534883519323,0.45466477046147685,-0.24745613030952535
