cell_id,centroid_mean,lon,lat
0,30.279466292794005,-99.0,26.5
1,30.338731943137155,-98.75,26.5
2,30.316351718994646,-98.5,26.5
3,30.359978715181708,-98.25,26.5
4,30.26498040378703,-98.0,26.5
5,30.287651008295004,-99.0,26.75
6,30.347889385725676,-98.75,26.75
7,30.328408080614352,-98.5,26.75
8,30.355835149924342,-98.25,26.75
9,30.25598846758322,-98.0,26.75
10,30.009166153944815,-97.75,26.75
11,30.428542290612732,-97.5,26.75
12,30.170759259633577,-99.25,27.0
13,30.188605573952934,-99.0,27.0
14,30.250547489355085,-98.75,27.0
15,30.29198572005799,-98.5,27.0
16,30.304816751718484,-98.25,27.0
17,30.26544398257885,-98.0,27.0
18,30.045398267644206,-97.75,27.0
19,30.223021836234974,-99.25,27.25
20,30.27437246667866,-99.0,27.25
21,30.159971750755524,-98.75,27.25
22,30.245032124416095,-98.5,27.25
23,30.27170213456534,-98.25,27.25
24,30.212752284556,-98.0,27.25
25,30.221081542639205,-97.75,27.25
26,30.22593484972738,-99.25,27.5
27,30.146975952397604,-99.0,27.5
28,30.24006006352227,-98.75,27.5
29,30.215974010598774,-98.5,27.5
30,30.206822974419293,-98.25,27.5
31,30.185073461146274,-98.0,27.5
32,30.24248859486229,-99.5,27.75
33,30.21811499233725,-99.25,27.75
34,30.20839496366814,-99.0,27.75
35,30.196995329111814,-98.75,27.75
36,30.20817951408949,-98.5,27.75
37,30.192323964895106,-98.25,27.75
38,30.15625930022305,-98.0,27.75
39,30.28070650707993,-99.75,28.0
40,30.20852708061172,-99.5,28.0
41,30.08308816486477,-99.25,28.0
42,30.17533561871208,-99.0,28.0
43,30.240475906206903,-98.75,28.0
44,30.185331783199217,-98.5,28.0
45,30.197911091019005,-98.25,28.0
46,30.23777106719969,-98.0,28.0
47,30.331005986766495,-97.5,28.0
48,30.211143765450778,-100.0,28.25
49,30.111470311497285,-99.75,28.25
50,30.07982108025373,-99.5,28.25
51,30.099033264631334,-99.25,28.25
52,30.196980832184916,-99.0,28.25
53,30.067046092867923,-98.75,28.25
54,30.188621978676217,-98.5,28.25
55,30.23175689094037,-98.25,28.25
56,30.243332961305548,-98.0,28.25
57,30.358264370008747,-97.75,28.25
58,30.51116351751933,-97.5,28.25
59,30.6348832155345,-97.25,28.25
60,30.75406928218525,-97.0,28.25
61,30.186598268221132,-100.25,28.5
62,30.07143611336897,-100.0,28.5
63,29.961593847905394,-99.75,28.5
64,29.996198318538237,-99.5,28.5
65,30.030113811857657,-99.25,28.5
66,30.050002633437263,-99.0,28.5
67,30.093516795280337,-98.75,28.5
68,30.13568813155871,-98.5,28.5
69,30.126918945224205,-98.25,28.5
70,30.174361722384884,-98.0,28.5
71,30.354734266743225,-97.75,28.5
72,30.337991067221783,-97.5,28.5
73,30.49978967223209,-97.25,28.5
74,30.538112428339307,-97.0,28.5
75,30.267319242796823,-100.25,28.75
76,30.09064706322925,-100.0,28.75
77,30.06085437236694,-99.5,28.75
78,30.071150541820455,-99.0,28.75
79,30.06900291689761,-98.75,28.75
80,30.099610641733026,-98.5,28.75
81,30.117115866724188,-98.25,28.75
82,30.08074707980939,-98.0,28.75
83,30.131910139650035,-97.75,28.75
84,30.25878721086953,-97.5,28.75
85,30.318229568913992,-97.25,28.75
86,30.45547955279919,-96.75,28.75
87,30.70098521957586,-96.5,28.75
88,30.97024997510016,-96.25,28.75
89,30.886633410427468,-96.0,28.75
90,30.13307514833958,-100.5,29.0
91,30.135867414548276,-100.25,29.0
92,30.031045236535228,-100.0,29.0
93,29.966515905353635,-99.75,29.0
94,30.055078000136955,-99.5,29.0
95,30.073710544697512,-99.25,29.0
96,30.121989189024763,-99.0,29.0
97,30.107926933894095,-98.75,29.0
98,30.075204975706022,-98.5,29.0
99,30.108999537989103,-98.0,29.0
100,30.206365532882046,-97.75,29.0
101,30.34690182044198,-97.5,29.0
102,30.388537624286702,-97.25,29.0
103,30.421948472693867,-97.0,29.0
104,30.714035427412735,-96.5,29.0
105,30.80268008708551,-96.25,29.0
106,30.959015587425363,-96.0,29.0
107,30.93064384310184,-95.75,29.0
108,30.78538519783223,-95.5,29.0
109,30.37691454335044,-103.75,29.25
110,29.94044946341399,-103.5,29.25
111,30.31970310780721,-103.25,29.25
112,30.2249210148808,-103.0,29.25
113,30.107146461565907,-100.75,29.25
114,29.919485398693585,-100.5,29.25
115,29.95311839263349,-100.25,29.25
116,29.9237733484613,-100.0,29.25
117,30.05084769664637,-99.25,29.25
118,30.10148656891229,-99.0,29.25
119,30.13746008133659,-98.75,29.25
120,30.127900904664646,-98.5,29.25
121,30.11404562531299,-98.0,29.25
122,30.191891853829684,-97.75,29.25
123,30.24769730184702,-97.5,29.25
124,30.19701178531306,-97.25,29.25
125,30.495072339797982,-97.0,29.25
126,30.615533506403715,-96.75,29.25
127,30.715086933402254,-96.5,29.25
128,30.770276807067255,-96.25,29.25
129,30.92650073423507,-96.0,29.25
130,30.959756852514918,-95.75,29.25
131,30.965307402966292,-95.5,29.25
132,30.3144438941963,-104.0,29.5
133,30.297716989826696,-103.75,29.5
134,29.928177093616867,-103.5,29.5
135,30.125587918038946,-103.25,29.5
136,30.412558523248524,-103.0,29.5
137,29.93234135593789,-101.0,29.5
138,29.783239676406644,-100.75,29.5
139,29.869458336615935,-100.5,29.5
140,29.839547591991366,-100.25,29.5
141,29.891963531189294,-100.0,29.5
142,29.991811510558293,-99.75,29.5
143,30.06649209747915,-99.5,29.5
144,30.16318824157441,-99.25,29.5
145,30.217814685662653,-99.0,29.5
146,30.33484613062823,-98.75,29.5
147,30.089745957308107,-98.25,29.5
148,30.152563449783393,-98.0,29.5
149,30.179053893328483,-97.75,29.5
150,30.19713515325566,-97.5,29.5
151,30.284638741658107,-97.25,29.5
152,30.35399430101209,-97.0,29.5
153,30.519321422835883,-96.75,29.5
154,30.73094062681328,-96.25,29.5
155,30.7037654357622,-95.0,29.5
156,30.53985026760403,-104.5,29.75
157,30.413831863135922,-104.25,29.75
158,30.314235065298046,-104.0,29.75
159,30.18722868153306,-103.75,29.75
160,29.95572729686347,-103.5,29.75
161,30.42049044569005,-103.25,29.75
162,30.405107321938537,-103.0,29.75
163,30.43991123113441,-102.75,29.75
164,30.21051053375525,-101.25,29.75
165,29.912906645291233,-101.0,29.75
166,29.772845489091615,-100.75,29.75
167,29.863854814215582,-100.5,29.75
168,29.94415970197476,-100.25,29.75
169,29.78580860162485,-100.0,29.75
170,29.90403663493075,-99.75,29.75
171,29.980099393769006,-99.5,29.75
172,30.032215049302277,-99.25,29.75
173,30.13132701241725,-99.0,29.75
174,30.269240537707585,-98.75,29.75
175,30.348021994629214,-98.5,29.75
176,30.327944842247796,-98.25,29.75
177,30.240791556566435,-98.0,29.75
178,30.28820681817776,-97.75,29.75
179,30.23490623640604,-97.5,29.75
180,30.228883130283347,-97.25,29.75
181,30.31423973344723,-97.0,29.75
182,30.53860439346933,-96.75,29.75
183,30.737391772429245,-96.5,29.75
184,30.67531869810997,-96.25,29.75
185,30.86152992562767,-96.0,29.75
186,30.106796211482454,-94.25,29.75
187,30.18565965169826,-104.5,30.0
188,30.182873095233496,-104.25,30.0
189,30.316868877468202,-104.0,30.0
190,30.132562916121408,-103.75,30.0
191,30.035000224718644,-103.5,30.0
192,30.30152325832303,-103.25,30.0
193,30.45235353264098,-103.0,30.0
194,30.564919595517075,-102.75,30.0
195,30.749438135665304,-102.5,30.0
196,30.68820796253679,-102.25,30.0
197,30.49104681891801,-102.0,30.0
198,30.307184031210802,-101.75,30.0
199,30.236394760986933,-101.5,30.0
200,30.07880460726581,-101.25,30.0
201,30.07138752152409,-101.0,30.0
202,30.063385423057927,-100.75,30.0
203,30.09152734768577,-100.5,30.0
204,30.03168574328167,-100.25,30.0
205,30.059390724012,-100.0,30.0
206,29.951674688911925,-99.75,30.0
207,29.988884076565647,-99.5,30.0
208,29.99589086087116,-99.25,30.0
209,30.068809590197187,-99.0,30.0
210,30.156524533645445,-98.75,30.0
211,30.184348301970974,-98.5,30.0
212,30.29104452237236,-98.25,30.0
213,30.39692503182764,-98.0,30.0
214,30.233823149156077,-97.75,30.0
215,30.295800882964752,-97.5,30.0
216,30.267341278099384,-97.25,30.0
217,30.28823458834757,-97.0,30.0
218,30.577253545175502,-96.75,30.0
219,30.637521419790573,-96.5,30.0
220,30.71437072792637,-96.25,30.0
221,30.68907090151781,-96.0,30.0
222,30.98270920849217,-95.0,30.0
223,30.839685365022607,-94.5,30.0
224,30.692063554664717,-94.25,30.0
225,29.900627697106057,-104.5,30.25
226,30.07419746948961,-104.25,30.25
227,30.121491460281852,-104.0,30.25
228,30.023347096853495,-103.75,30.25
229,29.985195071756607,-103.5,30.25
230,30.35223008685996,-103.25,30.25
231,30.26794993396974,-103.0,30.25
232,30.36998613603646,-102.75,30.25
233,30.532118236860978,-102.5,30.25
234,30.598900104362446,-102.25,30.25
235,30.42571308926339,-102.0,30.25
236,30.20316982004666,-101.75,30.25
237,30.072647313838107,-101.5,30.25
238,30.084918748278422,-101.25,30.25
239,30.128350310970117,-101.0,30.25
240,30.217473700879893,-100.75,30.25
241,30.19836057334816,-100.5,30.25
242,30.201256595354955,-100.25,30.25
243,30.13774222322704,-100.0,30.25
244,30.114984362484673,-99.75,30.25
245,30.02194446581192,-99.5,30.25
246,29.998886450402026,-99.25,30.25
247,30.102046790503664,-99.0,30.25
248,30.20566166347439,-98.75,30.25
249,30.198967127257045,-98.5,30.25
250,30.155980687675765,-98.25,30.25
251,30.153515762181577,-98.0,30.25
252,30.319925645200644,-97.5,30.25
253,30.33472250414511,-97.25,30.25
254,30.46375749991141,-97.0,30.25
255,30.457147817602024,-96.75,30.25
256,30.601296808165408,-96.5,30.25
257,30.543222962663723,-96.25,30.25
258,30.83639929877245,-96.0,30.25
259,30.760766606739846,-95.75,30.25
260,30.89893246532973,-95.25,30.25
261,31.019234377657995,-95.0,30.25
262,31.10435233932087,-94.25,30.25
263,30.923434227877387,-94.0,30.25
264,29.869090797717664,-104.75,30.5
265,29.869668248062506,-104.5,30.5
266,30.13194354762359,-104.25,30.5
267,30.177725297145887,-104.0,30.5
268,29.975622880120333,-103.75,30.5
269,30.078367945827686,-103.5,30.5
270,30.182776986616844,-103.25,30.5
271,30.394010687305126,-103.0,30.5
272,30.396662369648066,-102.75,30.5
273,30.41291488283493,-102.5,30.5
274,30.36710997415671,-102.25,30.5
275,30.216621958476026,-102.0,30.5
276,30.143284277985984,-101.75,30.5
277,30.10437685591527,-101.5,30.5
278,30.082235106029728,-101.25,30.5
279,30.197347122849003,-101.0,30.5
280,30.185896738835325,-100.75,30.5
281,30.241955316182263,-100.5,30.5
282,30.29205372771069,-100.25,30.5
283,30.178813526601655,-100.0,30.5
284,30.063059389577784,-99.75,30.5
285,30.055370481861665,-99.5,30.5
286,30.11750858642895,-99.25,30.5
287,30.262387262843102,-99.0,30.5
288,30.29968853211344,-98.75,30.5
289,30.246241870895922,-98.5,30.5
290,30.22046478622584,-98.25,30.5
291,30.34941295567506,-98.0,30.5
292,30.4284701901488,-97.25,30.5
293,30.28848702191205,-97.0,30.5
294,30.508917733361997,-96.75,30.5
295,30.47559341062935,-96.5,30.5
296,30.71145756973867,-96.25,30.5
297,30.69689458588926,-96.0,30.5
298,30.740261709192193,-95.75,30.5
299,30.675327536090315,-95.5,30.5
300,30.986935235421136,-95.25,30.5
301,31.01070940007384,-94.75,30.5
302,31.09572516940534,-94.5,30.5
303,31.06130416996446,-94.25,30.5
304,31.06472459307406,-94.0,30.5
305,31.033500006395535,-93.75,30.5
306,29.93307291014935,-105.0,30.75
307,30.1192476593446,-104.75,30.75
308,29.979837253521858,-104.5,30.75
309,30.07278606728785,-104.25,30.75
310,30.22134425049836,-104.0,30.75
311,30.308980386811665,-103.75,30.75
312,30.461143750495886,-103.5,30.75
313,30.277347467521814,-103.25,30.75
314,30.42059462108703,-103.0,30.75
315,30.43713146664847,-102.75,30.75
316,30.307119760433963,-102.5,30.75
317,30.247994201593638,-102.25,30.75
318,30.306826434433997,-102.0,30.75
319,30.236822112409683,-101.75,30.75
320,30.078255801049707,-101.5,30.75
321,30.144441970015087,-101.25,30.75
322,30.176870420319922,-101.0,30.75
323,30.211490853904532,-100.75,30.75
324,30.19126853339213,-100.5,30.75
325,30.249243796377694,-100.25,30.75
326,30.217645586065302,-100.0,30.75
327,30.126713940616284,-99.75,30.75
328,30.053400368658075,-99.5,30.75
329,30.027428826225403,-99.25,30.75
330,30.198493867534964,-99.0,30.75
331,30.37631828218806,-98.75,30.75
332,30.34005159402911,-98.5,30.75
333,30.20740098297784,-98.25,30.75
334,30.138212186745548,-98.0,30.75
335,30.33722255005313,-97.75,30.75
336,30.41174307986512,-97.5,30.75
337,30.43594317269386,-97.25,30.75
338,30.427156383623906,-97.0,30.75
339,30.518204824887036,-96.75,30.75
340,30.582703109897782,-96.5,30.75
341,30.547726928126604,-96.25,30.75
342,30.766445045558683,-96.0,30.75
343,30.73699490407419,-95.75,30.75
344,31.040278527254348,-95.5,30.75
345,30.842487879616854,-95.25,30.75
346,30.808994595615122,-95.0,30.75
347,30.942636397931402,-94.75,30.75
348,30.98366266744247,-94.5,30.75
349,30.90275236549608,-94.25,30.75
350,30.95870359190247,-94.0,30.75
351,31.08604871362779,-93.75,30.75
352,30.15842161279691,-105.5,31.0
353,30.081087426304855,-105.25,31.0
354,30.20110128694796,-105.0,31.0
355,30.231860198286505,-104.75,31.0
356,30.005532343706225,-104.5,31.0
357,30.032057531545153,-104.25,31.0
358,30.210936519845674,-104.0,31.0
359,30.293217065072476,-103.75,31.0
360,30.393174119936212,-103.5,31.0
361,30.48901922179189,-103.25,31.0
362,30.476080787580802,-103.0,31.0
363,30.41933062545454,-102.75,31.0
364,30.32021584404328,-102.5,31.0
365,30.17541580681707,-102.25,31.0
366,30.309607866721656,-102.0,31.0
367,30.223225039573244,-101.75,31.0
368,30.19536899178862,-101.5,31.0
369,30.206967765622093,-101.25,31.0
370,30.147530904335255,-101.0,31.0
371,30.194630273993916,-100.75,31.0
372,30.154214359054233,-100.5,31.0
373,30.206938662747582,-100.25,31.0
374,30.247940259161762,-100.0,31.0
375,30.180039438537698,-99.75,31.0
376,30.026473871246427,-99.5,31.0
377,30.09092159220913,-99.25,31.0
378,30.237893829612474,-99.0,31.0
379,30.360500552147503,-98.75,31.0
380,30.258791963760114,-98.5,31.0
381,30.124049903840596,-98.25,31.0
382,30.002003260285935,-98.0,31.0
383,30.052618662430458,-97.75,31.0
384,30.25291119632535,-97.5,31.0
385,30.463215061521623,-97.25,31.0
386,30.548437089448832,-96.75,31.0
387,30.585556438718832,-96.5,31.0
388,30.732234047381027,-96.0,31.0
389,31.220976637748,-95.75,31.0
390,31.083255169507957,-95.5,31.0
391,30.890868095945244,-95.25,31.0
392,30.926269908272214,-95.0,31.0
393,30.843364961461003,-94.75,31.0
394,30.912651265353468,-94.5,31.0
395,30.909187746037226,-94.0,31.0
396,30.979234278083403,-93.75,31.0
397,30.27349871178516,-105.75,31.25
398,30.161520450899843,-105.5,31.25
399,30.147949461751313,-105.25,31.25
400,30.13610919018482,-105.0,31.25
401,30.136951143206367,-104.75,31.25
402,30.198912065950797,-104.5,31.25
403,30.11681874745409,-104.25,31.25
404,30.199210823612074,-104.0,31.25
405,30.102052794117927,-103.75,31.25
406,30.184210053195084,-103.5,31.25
407,30.404830375375102,-103.25,31.25
408,30.492959868120334,-103.0,31.25
409,30.41992910845259,-102.75,31.25
410,30.26711973472713,-102.5,31.25
411,30.21567199931059,-102.25,31.25
412,30.1913291585963,-102.0,31.25
413,30.197648553844864,-101.75,31.25
414,30.220192406478766,-101.5,31.25
415,30.211919284152547,-101.25,31.25
416,30.085436908152097,-101.0,31.25
417,30.152671024986866,-100.75,31.25
418,30.32051735710299,-100.5,31.25
419,30.35085856189835,-100.25,31.25
420,30.346733339166697,-100.0,31.25
421,30.159205068905766,-99.75,31.25
422,30.155315729686453,-99.5,31.25
423,30.15160718480967,-99.25,31.25
424,30.080753052786278,-99.0,31.25
425,30.206393114734404,-98.75,31.25
426,30.235731641065705,-98.5,31.25
427,30.007424636419344,-98.25,31.25
428,29.947403950527168,-98.0,31.25
429,29.964605404538677,-97.75,31.25
430,30.20664973883406,-97.5,31.25
431,30.397319312449188,-97.25,31.25
432,30.498203046754217,-97.0,31.25
433,30.638881480292184,-96.75,31.25
434,30.544654682775636,-96.5,31.25
435,30.695510685558055,-96.25,31.25
436,30.864666453726105,-96.0,31.25
437,30.992344848701926,-95.5,31.25
438,31.04248302816324,-95.25,31.25
439,31.044815152516374,-95.0,31.25
440,31.106753738185105,-94.75,31.25
441,30.873185268856243,-94.5,31.25
442,30.4990708815413,-94.25,31.25
443,30.722718148944505,-94.0,31.25
444,30.24721051481006,-111.5,31.5
445,30.24238501896616,-111.25,31.5
446,30.23957926064255,-111.0,31.5
447,30.08242576419322,-110.75,31.5
448,30.084035757299997,-110.5,31.5
449,30.273569536240895,-110.25,31.5
450,30.135654010803243,-110.0,31.5
451,30.041882007729818,-109.75,31.5
452,29.921402498269273,-109.5,31.5
453,30.044737995866363,-109.25,31.5
454,30.069081378926057,-109.0,31.5
455,30.119971845251992,-108.75,31.5
456,30.102704312108333,-108.5,31.5
457,30.16444451186824,-108.25,31.5
458,30.02982270922019,-106.0,31.5
459,30.198987828963883,-105.75,31.5
460,30.048913283602676,-105.5,31.5
461,30.05114257510062,-105.25,31.5
462,30.12823738798929,-105.0,31.5
463,29.985571308112974,-104.75,31.5
464,30.07340494629954,-104.5,31.5
465,30.138065954412852,-104.25,31.5
466,30.15201660461921,-104.0,31.5
467,30.019119654079148,-103.75,31.5
468,30.12710467987703,-103.5,31.5
469,30.30389825797801,-103.25,31.5
470,30.331519830302568,-103.0,31.5
471,30.242321050058727,-102.75,31.5
472,30.2366770288701,-102.5,31.5
473,30.167260907225472,-102.25,31.5
474,30.12712381770745,-102.0,31.5
475,30.13928230394511,-101.75,31.5
476,30.109999244159553,-101.5,31.5
477,30.256867037132345,-101.25,31.5
478,30.28466609761549,-101.0,31.5
479,30.226595899867018,-100.75,31.5
480,30.288182703334876,-100.5,31.5
481,30.239055290419717,-99.75,31.5
482,30.163772605068516,-99.5,31.5
483,30.227985226849203,-99.25,31.5
484,30.136865194013808,-99.0,31.5
485,30.194489141142604,-98.75,31.5
486,30.177074632882768,-98.5,31.5
487,30.039213838879594,-98.25,31.5
488,29.93899160136397,-98.0,31.5
489,29.986679929686943,-97.75,31.5
490,30.32927151309559,-97.25,31.5
491,30.462943614800817,-97.0,31.5
492,30.627301438615316,-96.75,31.5
493,30.596058897474833,-96.5,31.5
494,30.606888603183997,-96.25,31.5
495,30.75889581753514,-96.0,31.5
496,30.911271412066597,-95.5,31.5
497,30.883176098351562,-95.25,31.5
498,31.05634697988101,-95.0,31.5
499,31.067905783827882,-94.75,31.5
500,30.739589454498716,-94.5,31.5
501,30.870716246033016,-94.25,31.5
502,28.661949929935734,-94.0,31.5
503,30.195257276858545,-112.25,31.75
504,30.165062003925694,-112.0,31.75
505,30.091611888105174,-111.75,31.75
506,30.398240353177805,-111.5,31.75
507,30.241625633699677,-111.25,31.75
508,30.092301986912318,-111.0,31.75
509,30.270651433643742,-110.75,31.75
510,30.167592606393065,-110.5,31.75
511,30.17735562623532,-110.25,31.75
512,30.026758765519705,-110.0,31.75
513,29.971333555866014,-109.75,31.75
514,29.875525648698947,-109.5,31.75
515,30.412483364867512,-109.25,31.75
516,30.116276185775998,-109.0,31.75
517,30.070702148399924,-108.75,31.75
518,30.108180801688622,-108.5,31.75
519,30.064975883968426,-108.25,31.75
520,30.124037257346433,-106.0,31.75
521,30.180386577598536,-105.75,31.75
522,30.0201429783192,-105.5,31.75
523,30.179455589545586,-105.25,31.75
524,29.87522293908226,-105.0,31.75
525,29.844665821373034,-104.75,31.75
526,29.917192249075296,-104.5,31.75
527,29.941720491055793,-104.25,31.75
528,30.096329873940423,-104.0,31.75
529,30.172053987964038,-103.75,31.75
530,30.246389179801692,-103.5,31.75
531,30.272425495855995,-103.25,31.75
532,30.210760990853977,-103.0,31.75
533,30.186333043241085,-102.75,31.75
534,30.338543809119773,-102.5,31.75
535,30.29817233151586,-102.25,31.75
536,30.143388703331137,-102.0,31.75
537,30.142607574095912,-101.75,31.75
538,30.44573113406883,-101.25,31.75
539,30.391309550222314,-101.0,31.75
540,30.31749361409591,-100.75,31.75
541,30.313263662304962,-100.5,31.75
542,30.416770729128846,-100.25,31.75
543,30.336138323571785,-100.0,31.75
544,30.252929684665734,-99.75,31.75
545,30.24559592553683,-99.5,31.75
546,30.256139984244676,-99.25,31.75
547,30.20458501685957,-98.75,31.75
548,30.234310270452763,-98.5,31.75
549,30.08205359055025,-98.25,31.75
550,29.94580237761301,-98.0,31.75
551,29.94479493979508,-97.75,31.75
552,29.98968550724049,-97.5,31.75
553,30.191197620192096,-97.25,31.75
554,30.529057392049044,-96.75,31.75
555,30.513244523263822,-96.5,31.75
556,30.647505258588353,-96.25,31.75
557,30.59581221632946,-96.0,31.75
558,30.749698215233646,-95.5,31.75
559,30.687153053543835,-95.25,31.75
560,30.951884823694574,-95.0,31.75
561,30.918947924579978,-94.75,31.75
562,30.87654054345778,-94.5,31.75
563,30.976414383189805,-94.25,31.75
564,28.442381940361184,-94.0,31.75
565,30.245074364647735,-113.0,32.0
566,30.189887125107745,-112.75,32.0
567,30.144131185916756,-112.5,32.0
568,30.127236660811693,-112.25,32.0
569,30.20727207693003,-112.0,32.0
570,30.42084479852705,-111.75,32.0
571,30.376754037740355,-111.5,32.0
572,30.277930099355917,-111.25,32.0
573,30.257940663920287,-111.0,32.0
574,30.03522613449828,-110.75,32.0
575,30.228018927683408,-110.5,32.0
576,30.197938944786213,-110.25,32.0
577,30.09478450589142,-110.0,32.0
578,30.16117250233835,-109.75,32.0
579,29.9283333779044,-109.5,32.0
580,30.304117109736232,-109.25,32.0
581,30.099453094507155,-109.0,32.0
582,30.254063102654,-108.75,32.0
583,30.27899291102837,-108.5,32.0
584,30.261488919587393,-108.25,32.0
585,30.22199427738311,-108.0,32.0
586,30.17209059225458,-107.75,32.0
587,30.097750986932972,-107.5,32.0
588,29.971198535978775,-107.25,32.0
589,29.867777939899288,-107.0,32.0
590,30.31674560608987,-106.75,32.0
591,30.258079143357463,-106.5,32.0
592,30.065331099120577,-106.25,32.0
593,30.093052889274148,-106.0,32.0
594,30.094681469390007,-105.75,32.0
595,30.13248533374952,-105.5,32.0
596,30.04939269492752,-105.25,32.0
597,29.695644841571966,-105.0,32.0
598,29.885858806642666,-104.75,32.0
599,29.608628379742957,-104.5,32.0
600,29.85471989133601,-104.25,32.0
601,30.10649119423201,-104.0,32.0
602,30.171911319446874,-103.75,32.0
603,30.212917311092426,-103.5,32.0
604,30.281418272269477,-103.25,32.0
605,30.152105884812325,-103.0,32.0
606,30.375006511838784,-102.75,32.0
607,30.28585676818665,-102.5,32.0
608,30.271760978845684,-102.25,32.0
609,30.33232846248743,-101.75,32.0
610,30.406026924830467,-101.5,32.0
611,30.504957272492064,-101.25,32.0
612,30.51747346729882,-101.0,32.0
613,30.382878802868966,-100.75,32.0
614,30.29200076621223,-100.5,32.0
615,30.320667458530245,-100.25,32.0
616,30.33618095908717,-100.0,32.0
617,30.302608410572596,-99.75,32.0
618,30.331955182576515,-99.5,32.0
619,30.34433585748775,-99.25,32.0
620,30.3250838900276,-99.0,32.0
621,30.368131460057786,-98.75,32.0
622,30.276314095000718,-98.5,32.0
623,30.25018928697458,-98.25,32.0
624,29.980338762816526,-98.0,32.0
625,29.97172822527668,-97.75,32.0
626,30.02695778100483,-97.5,32.0
627,30.475884890233058,-97.25,32.0
628,30.485301542731648,-96.75,32.0
629,30.491677913505836,-96.5,32.0
630,30.572333675455482,-96.25,32.0
631,30.747476343969957,-96.0,32.0
632,30.641642408864126,-95.75,32.0
633,30.718636759803093,-95.5,32.0
634,30.827193360200347,-95.25,32.0
635,30.929986695727656,-95.0,32.0
636,30.986631344724,-94.75,32.0
637,30.992655010652154,-94.5,32.0
638,31.09130583995004,-94.25,32.0
639,30.37060090603504,-113.75,32.25
640,30.232204945881115,-113.5,32.25
641,29.916013936630826,-113.25,32.25
642,30.122595334774815,-113.0,32.25
643,29.948717646903017,-112.75,32.25
644,30.207513489567926,-112.5,32.25
645,30.18290209551924,-112.25,32.25
646,30.316743064476984,-112.0,32.25
647,30.430280408365295,-111.75,32.25
648,30.31501997022021,-111.5,32.25
649,30.394680440170653,-111.25,32.25
650,30.488543776441546,-110.5,32.25
651,30.102065317637216,-110.25,32.25
652,30.08974026643689,-110.0,32.25
653,29.90649329257296,-109.75,32.25
654,30.205197469781314,-109.5,32.25
655,29.998024994896976,-109.25,32.25
656,30.137750260513993,-109.0,32.25
657,30.220721609415843,-108.75,32.25
658,30.276470917133757,-108.5,32.25
659,30.23567277046207,-108.25,32.25
660,30.239454060405617,-108.0,32.25
661,30.04998424687745,-107.5,32.25
662,29.89408506750792,-107.25,32.25
663,29.888625808841496,-107.0,32.25
664,30.284387030155184,-106.5,32.25
665,30.051708093354065,-106.25,32.25
666,30.123475819268677,-106.0,32.25
667,29.99810317819132,-105.75,32.25
668,30.171064424738198,-105.5,32.25
669,30.211334512636174,-105.25,32.25
670,29.76355450034428,-105.0,32.25
671,29.69090178477927,-104.75,32.25
672,29.755099437696536,-104.5,32.25
673,29.94586278636304,-104.25,32.25
674,30.262953122330007,-104.0,32.25
675,30.225458919419907,-103.75,32.25
676,30.267102887088324,-103.5,32.25
677,30.265417715250244,-103.25,32.25
678,30.246195735571046,-103.0,32.25
679,30.230308029310365,-102.75,32.25
680,30.306577601098418,-102.5,32.25
681,30.310147077895145,-102.25,32.25
682,30.299247614125935,-102.0,32.25
683,30.304672636400657,-101.75,32.25
684,30.300653858862532,-101.5,32.25
685,30.36286441289569,-101.25,32.25
686,30.377646151451,-101.0,32.25
687,30.38928763398032,-100.75,32.25
688,30.451895615459833,-100.5,32.25
689,30.379351071800695,-100.0,32.25
690,30.42959468415267,-99.75,32.25
691,30.39676971829389,-99.5,32.25
692,30.309227109293435,-99.25,32.25
693,30.220884867516222,-99.0,32.25
694,30.27780483188466,-98.75,32.25
695,30.439713968521502,-98.5,32.25
696,30.236784464455784,-98.25,32.25
697,30.26726592846143,-98.0,32.25
698,30.204290820599105,-97.75,32.25
699,30.40454587928476,-97.5,32.25
700,30.563571616937853,-97.25,32.25
701,30.637118640749787,-97.0,32.25
702,30.600017592566125,-96.75,32.25
703,30.573040773236873,-96.5,32.25
704,30.605250809670768,-96.25,32.25
705,30.690104537186787,-95.75,32.25
706,30.65707632004901,-95.5,32.25
707,30.71548831758376,-95.25,32.25
708,30.85711332845788,-95.0,32.25
709,30.992296527292076,-94.75,32.25
710,31.08480575817073,-94.5,32.25
711,31.050257465365576,-94.25,32.25
712,30.09604862668829,-114.25,32.5
713,30.203274717207442,-114.0,32.5
714,30.075973070611674,-113.75,32.5
715,30.156277226794582,-113.5,32.5
716,30.11266234237253,-113.25,32.5
717,30.356670523570546,-113.0,32.5
718,30.118870767140134,-112.75,32.5
719,30.324633743542318,-112.5,32.5
720,30.498818931879494,-112.25,32.5
721,30.50914155322915,-112.0,32.5
722,30.52146136630416,-111.75,32.5
723,30.700166747361298,-111.5,32.5
724,30.27848981009671,-111.25,32.5
725,29.963558134835555,-111.0,32.5
726,30.178148005571877,-110.75,32.5
727,29.894718110959868,-110.5,32.5
728,30.199877478314402,-110.25,32.5
729,30.14022730188355,-109.75,32.5
730,29.916471475506953,-109.5,32.5
731,29.991415497878243,-109.25,32.5
732,29.882696976840425,-109.0,32.5
733,29.854298220351875,-108.75,32.5
734,30.235579530974903,-108.5,32.5
735,30.103472397416436,-108.25,32.5
736,30.099372728591195,-108.0,32.5
737,30.15386674982773,-107.75,32.5
738,29.912117851663005,-107.5,32.5
739,30.189829035503163,-107.25,32.5
740,30.159302221102944,-107.0,32.5
741,30.107641009248955,-106.75,32.5
742,30.21029025272359,-106.5,32.5
743,30.04881642428406,-106.25,32.5
744,29.822238142821544,-106.0,32.5
745,30.074487302221733,-105.75,32.5
746,30.19844554841984,-105.5,32.5
747,29.99711613400499,-105.25,32.5
748,30.16372851401684,-105.0,32.5
749,29.76726402116653,-104.75,32.5
750,29.999386772871592,-104.5,32.5
751,30.21391517697395,-104.0,32.5
752,30.197085014889197,-103.75,32.5
753,30.311687574220393,-103.5,32.5
754,30.248934602351465,-103.25,32.5
755,30.201354600151088,-103.0,32.5
756,30.329460727671037,-102.5,32.5
757,30.27686027755128,-102.25,32.5
758,30.18239884986542,-101.5,32.5
759,30.404339604097633,-100.75,32.5
760,30.608463200362166,-100.25,32.5
761,30.439900778536238,-99.75,32.5
762,30.350482728571826,-99.5,32.5
763,30.306636068455052,-99.25,32.5
764,30.183421987758127,-99.0,32.5
765,30.30644605768164,-98.75,32.5
766,30.309518719297976,-98.5,32.5
767,30.29686877189446,-98.25,32.5
768,30.41982259175991,-98.0,32.5
769,30.406558144465983,-97.75,32.5
770,30.655908144952264,-97.5,32.5
771,30.59614396950033,-97.25,32.5
772,30.58108623028518,-97.0,32.5
773,30.607221085593874,-96.25,32.5
774,30.755111249020466,-96.0,32.5
775,30.78273942126767,-95.75,32.5
776,30.75306462622785,-95.5,32.5
777,30.765283332969723,-95.25,32.5
778,30.653868688715963,-95.0,32.5
779,30.939374476127202,-94.5,32.5
780,31.04468251372544,-94.25,32.5
781,29.95340620871866,-114.25,32.75
782,30.14255446000383,-113.75,32.75
783,30.105761007450592,-113.5,32.75
784,30.214688393891826,-113.25,32.75
785,30.11604556702122,-113.0,32.75
786,30.339319812046597,-112.75,32.75
787,30.447542920744475,-112.5,32.75
788,30.339742826613545,-112.25,32.75
789,30.61105798684338,-112.0,32.75
790,30.02378266420699,-111.75,32.75
791,30.11417589863413,-111.25,32.75
792,30.242732727723286,-111.0,32.75
793,30.13502901916777,-110.75,32.75
794,30.03268975849138,-110.5,32.75
795,30.049812412901353,-110.25,32.75
796,30.087180759489108,-110.0,32.75
797,29.957137694112205,-109.75,32.75
798,30.00594702694798,-109.5,32.75
799,30.05291907046026,-109.25,32.75
800,29.995258547278354,-109.0,32.75
801,30.106337411703024,-108.75,32.75
802,30.216312400873555,-108.5,32.75
803,30.229362979696955,-108.25,32.75
804,30.17211858025761,-108.0,32.75
805,30.184642707373804,-107.75,32.75
806,30.117525464006647,-107.5,32.75
807,30.07630050262266,-107.25,32.75
808,29.959072894933904,-107.0,32.75
809,30.278212934470503,-106.75,32.75
810,30.614641780904584,-106.5,32.75
811,29.824049073432644,-106.0,32.75
812,30.676771321320512,-105.75,32.75
813,30.428226905886103,-105.5,32.75
814,30.107413576309156,-105.25,32.75
815,30.044297143593074,-105.0,32.75
816,30.047162386691735,-104.75,32.75
817,30.11075302527304,-104.5,32.75
818,30.276622699544532,-104.25,32.75
819,30.219087564496128,-104.0,32.75
820,30.23260580659665,-103.75,32.75
821,30.287223419367084,-103.5,32.75
822,30.282177995803067,-103.25,32.75
823,30.384799016917196,-103.0,32.75
824,30.396579758535015,-102.5,32.75
825,30.18180856647982,-101.5,32.75
826,30.171548677135995,-101.25,32.75
827,30.44837001522403,-100.75,32.75
828,30.6443762996037,-100.0,32.75
829,30.576288444668396,-99.75,32.75
830,30.378260032070102,-99.5,32.75
831,30.365887711798468,-99.25,32.75
832,30.19612666356037,-99.0,32.75
833,30.19522823595057,-98.75,32.75
834,30.144993659948412,-98.5,32.75
835,30.303104025983394,-98.25,32.75
836,30.308913123655095,-98.0,32.75
837,30.555426023365445,-97.75,32.75
838,30.332785470514164,-96.5,32.75
839,30.723201736411564,-96.25,32.75
840,30.71666191114883,-96.0,32.75
841,30.839431841488338,-95.5,32.75
842,30.83828123197264,-95.0,32.75
843,30.86361535857521,-94.75,32.75
844,30.861432908344657,-94.5,32.75
845,30.14639487036486,-114.25,33.0
846,30.36169427448812,-114.0,33.0
847,30.021395325280118,-113.75,33.0
848,29.894935005966826,-113.5,33.0
849,29.923704554141015,-113.25,33.0
850,30.3918123425683,-113.0,33.0
851,30.792204311507074,-112.75,33.0
852,30.40624865373068,-112.5,33.0
853,29.973979326992637,-112.25,33.0
854,30.043259331737108,-111.75,33.0
855,30.036679299543792,-111.25,33.0
856,30.150704665422943,-111.0,33.0
857,30.029046422651916,-110.75,33.0
858,29.93125542638546,-110.5,33.0
859,30.176914639423977,-110.25,33.0
860,29.784314263195622,-110.0,33.0
861,29.948753021583588,-109.75,33.0
862,30.131995064694472,-109.5,33.0
863,29.685204004980804,-109.25,33.0
864,30.158948066841383,-109.0,33.0
865,29.930043187243147,-108.75,33.0
866,29.92369195991733,-108.5,33.0
867,30.285908698545356,-108.25,33.0
868,30.020984757864007,-108.0,33.0
869,29.99110469850264,-107.75,33.0
870,30.160756505190736,-107.5,33.0
871,30.101793961586036,-107.25,33.0
872,29.662471012212336,-107.0,33.0
873,30.167870479602314,-106.75,33.0
874,30.498589995111196,-106.5,33.0
875,30.075739132047882,-106.0,33.0
876,30.429274580329476,-105.75,33.0
877,30.535677306152557,-105.5,33.0
878,30.207605527785535,-105.25,33.0
879,30.297788077199723,-105.0,33.0
880,30.227377391348664,-104.75,33.0
881,30.218187196722003,-104.5,33.0
882,30.230400433665356,-104.25,33.0
883,30.29196756503482,-104.0,33.0
884,30.315353223478617,-103.75,33.0
885,30.368685094496378,-103.5,33.0
886,30.30349707532486,-103.25,33.0
887,30.401150489783433,-102.75,33.0
888,30.4858669243247,-102.0,33.0
889,30.31816197694906,-101.5,33.0
890,30.26644135206096,-101.25,33.0
891,30.32774249781953,-101.0,33.0
892,30.390713238795378,-100.75,33.0
893,30.486638200359614,-100.5,33.0
894,30.52938424995563,-100.25,33.0
895,30.69034432803612,-100.0,33.0
896,30.675680745610197,-99.75,33.0
897,30.490242407834067,-99.5,33.0
898,30.401848087342493,-99.25,33.0
899,30.345597589377295,-99.0,33.0
900,30.202690508888246,-98.75,33.0
901,30.228242821489964,-98.5,33.0
902,30.298983284341656,-98.25,33.0
903,30.33553669001916,-98.0,33.0
904,30.476291172622812,-97.75,33.0
905,30.753010283687708,-97.5,33.0
906,30.62124735008603,-97.25,33.0
907,30.870105318013184,-96.25,33.0
908,30.893711459984143,-95.75,33.0
909,31.032358465402815,-95.5,33.0
910,30.912603922181567,-95.25,33.0
911,30.925483970264814,-95.0,33.0
912,30.913608328954208,-94.75,33.0
913,30.822482201928953,-94.5,33.0
914,30.74065753712337,-94.25,33.0
915,30.180747069100526,-114.5,33.25
916,30.200762623835963,-114.25,33.25
917,30.178464961403872,-114.0,33.25
918,30.42164094182394,-113.75,33.25
919,30.097817270443418,-113.5,33.25
920,30.20728272773424,-113.25,33.25
921,30.103972718343496,-113.0,33.25
922,30.3496476120714,-112.75,33.25
923,30.552471859523884,-112.5,33.25
924,30.348216973858563,-112.25,33.25
925,30.349376127766355,-112.0,33.25
926,29.827669015980344,-111.5,33.25
927,29.762408069299106,-111.25,33.25
928,29.867240416683043,-111.0,33.25
929,30.035346366243456,-110.75,33.25
930,29.912665976916635,-110.5,33.25
931,29.735463051091827,-110.25,33.25
932,29.83389259127076,-110.0,33.25
933,30.102971674198322,-109.75,33.25
934,30.099138167294978,-109.5,33.25
935,30.05014690187034,-109.25,33.25
936,29.861822909483006,-109.0,33.25
937,29.79648471387918,-108.75,33.25
938,30.159319859891323,-108.5,33.25
939,30.231446812124116,-108.25,33.25
940,30.19116535393494,-108.0,33.25
941,30.29042150836456,-107.75,33.25
942,30.125015303364936,-107.5,33.25
943,30.02489964981214,-107.25,33.25
944,29.836212061856013,-107.0,33.25
945,30.098526127833445,-106.75,33.25
946,30.311273711847697,-106.5,33.25
947,30.112161867886943,-106.25,33.25
948,30.131428889612344,-106.0,33.25
949,30.536378164802535,-105.75,33.25
950,30.522165200317083,-105.5,33.25
951,30.284145752670995,-105.25,33.25
952,30.332351285332923,-105.0,33.25
953,30.21163138590726,-104.75,33.25
954,30.36702945165542,-104.5,33.25
955,30.396548987372974,-104.25,33.25
956,30.249557160416423,-104.0,33.25
957,30.29873400488913,-103.75,33.25
958,30.401831106520078,-103.5,33.25
959,30.27835498485365,-103.25,33.25
960,30.350406078135936,-103.0,33.25
961,30.286936043822116,-102.5,33.25
962,30.514431095238812,-101.75,33.25
963,30.262865055126333,-101.25,33.25
964,30.255085325110347,-101.0,33.25
965,30.39047555524471,-100.75,33.25
966,30.425040636404166,-100.5,33.25
967,30.474456666747127,-100.25,33.25
968,30.66393014881536,-100.0,33.25
969,30.712350248350187,-99.5,33.25
970,30.51693139049726,-99.25,33.25
971,30.49293433983201,-98.75,33.25
972,30.34333337422532,-98.5,33.25
973,30.307622499945303,-98.25,33.25
974,30.386919244351493,-98.0,33.25
975,30.52638884771687,-97.75,33.25
976,30.632199472402974,-97.5,33.25
977,30.665779841575734,-97.25,33.25
978,30.88561493985113,-97.0,33.25
979,31.021945181828833,-96.5,33.25
980,31.000208547748535,-96.25,33.25
981,30.907877953270845,-96.0,33.25
982,31.092602398915915,-95.75,33.25
983,30.994189256495492,-95.5,33.25
984,31.01197632445166,-95.0,33.25
985,30.9610259415349,-94.75,33.25
986,30.833252383409462,-94.5,33.25
987,30.6725312361937,-114.5,33.5
988,30.179394583835695,-114.25,33.5
989,30.212205951433415,-114.0,33.5
990,30.127516972971186,-113.75,33.5
991,29.889983052293807,-113.5,33.5
992,30.120508360161555,-113.25,33.5
993,30.461313328168426,-113.0,33.5
994,30.168813076051613,-112.75,33.5
995,30.272966989815288,-111.75,33.5
996,29.974704697244587,-111.5,33.5
997,29.6520932715413,-111.25,33.5
998,29.98912189449318,-111.0,33.5
999,29.773995919491146,-110.75,33.5
1000,29.74847798628616,-110.5,33.5
1001,29.911399054602953,-110.25,33.5
1002,30.08538586612737,-110.0,33.5
1003,29.956858779091046,-109.75,33.5
1004,30.01070764153533,-109.5,33.5
1005,29.99072865195026,-109.25,33.5
1006,30.070546626789458,-109.0,33.5
1007,30.130574014263964,-108.75,33.5
1008,30.16534600905904,-108.5,33.5
1009,30.12039136663393,-108.25,33.5
1010,30.247708308662716,-108.0,33.5
1011,30.308059515556895,-107.75,33.5
1012,30.164386411766127,-107.5,33.5
1013,30.145823663181197,-107.25,33.5
1014,30.007660798912045,-107.0,33.5
1015,30.144801701475025,-106.75,33.5
1016,29.961899627866494,-106.5,33.5
1017,30.100618249512852,-106.25,33.5
1018,29.986118166725365,-106.0,33.5
1019,30.177459870364356,-105.75,33.5
1020,30.325697912241314,-105.5,33.5
1021,30.440625336652513,-105.25,33.5
1022,30.2448558194424,-105.0,33.5
1023,30.170216576442517,-104.75,33.5
1024,30.340649929661033,-104.5,33.5
1025,30.28280013008267,-104.25,33.5
1026,30.232219041712458,-104.0,33.5
1027,30.36444989237218,-103.75,33.5
1028,30.333218778519388,-103.5,33.5
1029,30.22874317129026,-103.25,33.5
1030,30.265111619440948,-103.0,33.5
1031,30.32492711479874,-102.75,33.5
1032,30.390665271910482,-101.25,33.5
1033,30.32391977802483,-101.0,33.5
1034,30.355263953200147,-100.75,33.5
1035,30.329305888578975,-100.5,33.5
1036,30.416575335716168,-100.25,33.5
1037,30.59208560000675,-99.75,33.5
1038,30.66021829556289,-99.5,33.5
1039,30.650112046316142,-99.25,33.5
1040,30.333367416290386,-98.75,33.5
1041,30.442890642942913,-98.5,33.5
1042,30.360110160328286,-98.25,33.5
1043,30.44829105015826,-98.0,33.5
1044,30.499441808821686,-97.75,33.5
1045,30.50680954490851,-97.5,33.5
1046,30.856049677545133,-97.0,33.5
1047,30.981231911799675,-96.75,33.5
1048,30.949852065019794,-96.5,33.5
1049,30.867306247463254,-96.25,33.5
1050,31.14573687675427,-96.0,33.5
1051,31.14430289496354,-95.5,33.5
1052,31.001346741017187,-95.0,33.5
1053,30.94407809682665,-94.75,33.5
1054,30.96996653484082,-94.5,33.5
1055,30.344115398470493,-114.25,33.75
1056,30.32116656704322,-114.0,33.75
1057,30.317097193015236,-113.75,33.75
1058,30.058142401412344,-113.5,33.75
1059,29.996371002509616,-113.25,33.75
1060,29.948800682916325,-113.0,33.75
1061,30.06072294666172,-112.75,33.75
1062,30.26342769402142,-112.5,33.75
1063,30.39438535775228,-112.25,33.75
1064,30.095728226370948,-112.0,33.75
1065,30.056546557943175,-111.75,33.75
1066,29.83760601812705,-111.5,33.75
1067,29.873685184729627,-111.25,33.75
1068,29.922413000789955,-111.0,33.75
1069,30.01233285656781,-110.75,33.75
1070,30.072096955946808,-110.5,33.75
1071,30.1062697228895,-110.25,33.75
1072,29.863794661946415,-110.0,33.75
1073,30.329499696681385,-109.75,33.75
1074,30.023880451758696,-109.5,33.75
1075,29.79315031967081,-109.25,33.75
1076,30.11538489970889,-109.0,33.75
1077,30.1542730725039,-108.75,33.75
1078,30.264903386754806,-108.5,33.75
1079,30.100270679995166,-108.25,33.75
1080,29.93548630846915,-108.0,33.75
1081,29.885272240734103,-107.75,33.75
1082,30.30359145223002,-107.5,33.75
1083,30.181536604453306,-107.25,33.75
1084,30.364098184471143,-107.0,33.75
1085,30.21292552149792,-106.75,33.75
1086,29.9526629275508,-106.5,33.75
1087,30.441487048054114,-106.25,33.75
1088,30.27724609305509,-106.0,33.75
1089,30.36907508927666,-105.75,33.75
1090,30.29175945416836,-105.5,33.75
1091,30.316188489413783,-105.25,33.75
1092,30.2937766699895,-105.0,33.75
1093,30.01095131119767,-104.75,33.75
1094,30.208387666334882,-104.5,33.75
1095,30.284982346723645,-104.25,33.75
1096,30.259611899093635,-104.0,33.75
1097,30.225961144543433,-103.75,33.75
1098,30.329323546450514,-103.5,33.75
1099,30.331522549869707,-103.25,33.75
1100,30.366934076945583,-103.0,33.75
1101,30.322765508216644,-102.5,33.75
1102,30.297088757233443,-102.0,33.75
1103,30.22646007453127,-100.5,33.75
1104,30.333299188017218,-100.25,33.75
1105,30.465564334411354,-100.0,33.75
1106,30.512384986782518,-99.75,33.75
1107,30.5920507398931,-99.5,33.75
1108,30.352311449711962,-99.0,33.75
1109,30.345590231492398,-98.75,33.75
1110,30.339791061623075,-98.5,33.75
1111,30.46218181472236,-98.25,33.75
1112,30.422312369879084,-98.0,33.75
1113,30.444782209963215,-97.75,33.75
1114,30.485036430475212,-97.5,33.75
1115,30.694484513449986,-97.25,33.75
1116,30.854700792536068,-97.0,33.75
1117,30.659347866901392,-96.75,33.75
1118,30.493020462528175,-96.5,33.75
1119,30.997119649243988,-96.25,33.75
1120,31.141697559205706,-96.0,33.75
1121,31.138802309670538,-95.75,33.75
1122,31.11640546516999,-95.5,33.75
1123,30.966873579772745,-95.25,33.75
1124,30.81318706510893,-94.5,33.75
1125,30.82901515260948,-114.25,34.0
1126,30.071995717540492,-114.0,34.0
1127,29.925327781717687,-113.75,34.0
1128,29.758248886565873,-113.5,34.0
1129,29.696979192864653,-113.25,34.0
1130,29.869893909642435,-113.0,34.0
1131,29.96630798380983,-112.75,34.0
1132,30.184956897256107,-112.5,34.0
1133,30.22026646631779,-112.25,34.0
1134,30.16231535780557,-112.0,34.0
1135,30.130048842332773,-111.75,34.0
1136,29.94723057561742,-111.5,34.0
1137,29.818155240683925,-111.25,34.0
1138,30.02439982159278,-111.0,34.0
1139,30.127899276623232,-110.75,34.0
1140,30.12189302983237,-110.5,34.0
1141,30.13643368859686,-110.25,34.0
1142,30.22797599586864,-110.0,34.0
1143,30.179736488180843,-109.75,34.0
1144,30.08686546347319,-109.5,34.0
1145,30.074318307266086,-109.25,34.0
1146,30.14400002488177,-109.0,34.0
1147,29.970077023313095,-108.75,34.0
1148,30.092756245961375,-108.5,34.0
1149,30.243579076683652,-108.25,34.0
1150,29.840365094719274,-108.0,34.0
1151,29.987922204721073,-107.75,34.0
1152,30.19434440407293,-107.5,34.0
1153,30.250458534471154,-107.25,34.0
1154,30.39309567836552,-107.0,34.0
1155,30.367759933092973,-106.75,34.0
1156,30.13079615531695,-106.5,34.0
1157,30.264472292033204,-106.25,34.0
1158,30.254423429269362,-106.0,34.0
1159,30.317928535068997,-105.75,34.0
1160,30.37257447655653,-105.5,34.0
1161,30.35903521010634,-105.25,34.0
1162,30.21320367239129,-105.0,34.0
1163,30.236647238576552,-104.75,34.0
1164,30.220067094807746,-104.5,34.0
1165,30.35427387025825,-104.25,34.0
1166,30.3461943797794,-104.0,34.0
1167,30.39233280056774,-103.75,34.0
1168,30.41767179362404,-103.5,34.0
1169,30.30999756582941,-103.0,34.0
1170,30.402023578602194,-102.75,34.0
1171,30.347695851040324,-101.75,34.0
1172,30.45136556087975,-101.25,34.0
1173,30.426786279346114,-101.0,34.0
1174,30.312865643685935,-100.5,34.0
1175,30.436943897910307,-100.0,34.0
1176,30.47965528653899,-99.75,34.0
1177,30.63999163844766,-99.5,34.0
1178,30.52865036891084,-99.25,34.0
1179,30.610480761009967,-99.0,34.0
1180,30.608075160627216,-98.25,34.0
1181,30.465144733477455,-97.75,34.0
1182,30.60185198025115,-97.5,34.0
1183,30.617603186936602,-97.25,34.0
1184,30.61124200296427,-97.0,34.0
1185,30.519167610556067,-96.75,34.0
1186,30.91841083322428,-96.5,34.0
1187,30.834166087286295,-96.25,34.0
1188,31.06389989334499,-96.0,34.0
1189,31.014802993510294,-95.75,34.0
1190,30.999522660661917,-95.5,34.0
1191,30.889696896700816,-95.25,34.0
1192,30.889409778599376,-95.0,34.0
1193,31.02357868425539,-94.75,34.0
1194,31.060093330382816,-94.5,34.0
1195,29.86483038336379,-114.0,34.25
1196,29.85256011660945,-113.75,34.25
1197,29.812661942537837,-113.5,34.25
1198,29.783309870990568,-113.25,34.25
1199,29.729523092544134,-113.0,34.25
1200,29.97714579263881,-112.75,34.25
1201,29.99719648165942,-112.5,34.25
1202,30.194781265817046,-112.25,34.25
1203,30.024093451641072,-112.0,34.25
1204,30.160720705764387,-111.75,34.25
1205,29.986567291278895,-111.5,34.25
1206,30.166411889244607,-111.25,34.25
1207,30.08216264604618,-111.0,34.25
1208,30.11363395884221,-110.75,34.25
1209,30.04787600106255,-110.5,34.25
1210,30.10506439134434,-110.25,34.25
1211,30.222924788276522,-110.0,34.25
1212,30.166844466987712,-109.75,34.25
1213,30.312367027135153,-109.5,34.25
1214,30.048287768756452,-109.25,34.25
1215,30.03190312199429,-109.0,34.25
1216,30.02108405523065,-108.75,34.25
1217,30.073153716241134,-108.5,34.25
1218,30.01220822465033,-108.25,34.25
1219,30.04448901378335,-108.0,34.25
1220,30.14607230118082,-107.75,34.25
1221,30.1737986497778,-107.5,34.25
1222,30.280896467617893,-107.25,34.25
1223,30.36042333951963,-107.0,34.25
1224,30.238012585050175,-106.75,34.25
1225,30.331178396465614,-106.5,34.25
1226,30.368708619438202,-106.25,34.25
1227,30.221313244148266,-106.0,34.25
1228,30.335701732625378,-105.75,34.25
1229,30.33586134098676,-105.5,34.25
1230,30.249901365802195,-105.25,34.25
1231,30.080203637442676,-105.0,34.25
1232,30.26957996631301,-104.75,34.25
1233,30.141782293237227,-104.5,34.25
1234,30.179133391439862,-104.25,34.25
1235,30.333697743729527,-104.0,34.25
1236,30.441545207389236,-103.75,34.25
1237,30.28300024564781,-103.5,34.25
1238,30.194845347613757,-103.25,34.25
1239,30.460287936600462,-101.25,34.25
1240,30.41812980224271,-101.0,34.25
1241,30.364057482708283,-100.75,34.25
1242,30.329360440677892,-100.5,34.25
1243,30.441667361972996,-100.25,34.25
1244,30.465393221910254,-100.0,34.25
1245,30.649727342323438,-98.75,34.25
1246,30.673116113415183,-98.5,34.25
1247,30.67286406648166,-98.25,34.25
1248,30.61915085377852,-98.0,34.25
1249,30.685853614935276,-97.75,34.25
1250,30.617315758252516,-97.5,34.25
1251,30.623987939434862,-97.25,34.25
1252,30.556992235761406,-97.0,34.25
1253,30.83423640214068,-96.75,34.25
1254,30.767411298617773,-96.5,34.25
1255,30.946563753948656,-96.25,34.25
1256,30.92843922229412,-96.0,34.25
1257,31.00654814853736,-95.75,34.25
1258,30.897636813391447,-95.5,34.25
1259,30.79902572762624,-95.25,34.25
1260,30.754886378775925,-95.0,34.25
1261,30.729124223838042,-94.75,34.25
1262,30.78927691384496,-94.5,34.25
1263,29.785470369529392,-114.25,34.5
1264,29.66506646468322,-114.0,34.5
1265,29.8683131552176,-113.75,34.5
1266,29.938211710998214,-113.5,34.5
1267,29.820024542678418,-113.25,34.5
1268,29.830113785408546,-113.0,34.5
1269,29.952301765998037,-112.75,34.5
1270,30.14406438385441,-112.5,34.5
1271,30.095515780842668,-112.25,34.5
1272,30.12065043741873,-112.0,34.5
1273,29.87566644630547,-111.75,34.5
1274,30.075074674895195,-111.5,34.5
1275,30.302740724202103,-111.25,34.5
1276,30.245311027126334,-111.0,34.5
1277,30.149862725860796,-110.75,34.5
1278,29.98684849107835,-110.5,34.5
1279,29.797216245132194,-110.25,34.5
1280,29.86992719853655,-110.0,34.5
1281,30.03317882828504,-109.75,34.5
1282,29.96291270841343,-109.5,34.5
1283,29.87191201506693,-109.25,34.5
1284,29.996933265499628,-109.0,34.5
1285,29.918488089722814,-108.75,34.5
1286,29.893029187376108,-108.5,34.5
1287,29.970087714795508,-108.25,34.5
1288,30.026025735737328,-108.0,34.5
1289,30.225042989768554,-107.75,34.5
1290,29.8875698984126,-107.5,34.5
1291,30.222168921510903,-107.25,34.5
1292,30.22665895998272,-107.0,34.5
1293,30.365274453117028,-106.75,34.5
1294,30.30576167084375,-106.5,34.5
1295,30.333684465077777,-106.25,34.5
1296,30.218313670855984,-106.0,34.5
1297,30.20603431289335,-105.75,34.5
1298,30.27743904169004,-105.5,34.5
1299,30.186930795363597,-105.25,34.5
1300,30.218313455946582,-105.0,34.5
1301,30.215633223520573,-104.75,34.5
1302,30.265070039212542,-104.5,34.5
1303,30.342715238355314,-104.25,34.5
1304,30.232439042930938,-104.0,34.5
1305,30.299394931769573,-103.75,34.5
1306,30.392285864173363,-103.5,34.5
1307,30.436700070599237,-101.5,34.5
1308,30.401843600610917,-101.25,34.5
1309,30.33165095642191,-101.0,34.5
1310,30.422000877518887,-100.75,34.5
1311,30.373648149926268,-100.5,34.5
1312,30.47541207478095,-100.25,34.5
1313,30.45383353314649,-100.0,34.5
1314,30.46229699473434,-99.5,34.5
1315,30.66714934076075,-99.0,34.5
1316,30.656730471044565,-98.75,34.5
1317,30.598072628004818,-98.5,34.5
1318,30.58689575536902,-98.0,34.5
1319,30.697675749986395,-97.75,34.5
1320,30.68913529862766,-97.5,34.5
1321,30.756496707971493,-97.25,34.5
1322,30.769543111169835,-97.0,34.5
1323,30.78134340957219,-96.75,34.5
1324,30.824128172859602,-96.5,34.5
1325,30.882121714288726,-96.25,34.5
1326,30.92028809425672,-96.0,34.5
1327,30.887347720661918,-95.75,34.5
1328,30.833254379614328,-95.5,34.5
1329,30.72566969503756,-95.25,34.5
1330,30.69625973973262,-95.0,34.5
1331,30.737634181750202,-94.75,34.5
1332,31.152435772866458,-94.5,34.5
1333,29.793350096787506,-114.25,34.75
1334,29.695491212135842,-114.0,34.75
1335,30.111412220406166,-113.75,34.75
1336,29.87431137540485,-113.5,34.75
1337,29.831506641268227,-113.25,34.75
1338,30.02925877985455,-113.0,34.75
1339,30.133638467438196,-112.75,34.75
1340,29.82579782241597,-112.5,34.75
1341,29.844606957062542,-112.25,34.75
1342,29.871329491322214,-112.0,34.75
1343,29.852351564884884,-111.75,34.75
1344,30.228766186778486,-111.5,34.75
1345,30.31938561129993,-111.25,34.75
1346,30.02787728101024,-111.0,34.75
1347,29.810868839495996,-110.75,34.75
1348,29.627780117076608,-110.5,34.75
1349,29.825534835468996,-110.25,34.75
1350,29.833228441933617,-110.0,34.75
1351,29.80000213037979,-109.75,34.75
1352,29.881976969045354,-109.5,34.75
1353,29.817191146902935,-109.25,34.75
1354,29.79957285805498,-109.0,34.75
1355,29.92778269469496,-108.75,34.75
1356,29.87855286443776,-108.5,34.75
1357,29.882284647608266,-108.25,34.75
1358,30.101047381534816,-107.75,34.75
1359,29.909728238945647,-107.5,34.75
1360,30.125000514065434,-107.25,34.75
1361,30.15868127418127,-107.0,34.75
1362,30.343401742767757,-106.5,34.75
1363,30.38575920359178,-106.25,34.75
1364,30.23976261190882,-106.0,34.75
1365,30.097250177361556,-105.75,34.75
1366,30.286406637650753,-105.5,34.75
1367,30.36763603016376,-105.25,34.75
1368,30.42462561215507,-105.0,34.75
1369,30.323035167416002,-104.75,34.75
1370,30.36853917897679,-104.5,34.75
1371,30.351054031294414,-104.25,34.75
1372,30.358375903257045,-104.0,34.75
1373,30.433013827248942,-103.5,34.75
1374,30.39298543410573,-103.0,34.75
1375,30.43670848144281,-102.25,34.75
1376,30.35185447943961,-102.0,34.75
1377,30.36434490956778,-101.75,34.75
1378,30.371723058279784,-101.25,34.75
1379,30.462179267931226,-101.0,34.75
1380,30.59169995717373,-100.75,34.75
1381,30.527673479816606,-100.5,34.75
1382,30.45410056725198,-100.25,34.75
1383,30.567829404395663,-99.75,34.75
1384,30.55221619409097,-99.5,34.75
1385,30.440732340370932,-99.25,34.75
1386,30.61878297347441,-98.75,34.75
1387,30.511968418308804,-98.25,34.75
1388,30.649057184648253,-98.0,34.75
1389,30.7813845779008,-97.75,34.75
1390,30.806391877511768,-97.5,34.75
1391,30.807151354258306,-97.0,34.75
1392,30.63720947819932,-96.75,34.75
1393,30.935658298135074,-96.5,34.75
1394,30.973559418867808,-96.25,34.75
1395,31.056229475820707,-96.0,34.75
1396,31.194568106785972,-95.75,34.75
1397,31.24844915988461,-95.5,34.75
1398,31.145946629025275,-95.25,34.75
1399,31.166196351114195,-95.0,34.75
1400,31.20916000566929,-94.75,34.75
1401,31.238264375424478,-94.5,34.75
1402,29.919614912142816,-114.5,35.0
1403,29.546976094129676,-114.25,35.0
1404,29.985229852535458,-114.0,35.0
1405,30.11406316557147,-113.75,35.0
1406,29.991856253101453,-113.5,35.0
1407,29.91446098121546,-113.25,35.0
1408,29.985533880295968,-113.0,35.0
1409,29.821728847611947,-112.75,35.0
1410,29.712019030555474,-112.5,35.0
1411,29.964211653725496,-112.25,35.0
1412,29.95676556604583,-112.0,35.0
1413,30.075389392248606,-111.75,35.0
1414,30.254255203169752,-111.5,35.0
1415,29.99061304064414,-111.25,35.0
1416,29.962638831816058,-111.0,35.0
1417,29.867608854905345,-110.75,35.0
1418,29.82902067969777,-110.5,35.0
1419,29.732494402882786,-110.25,35.0
1420,29.71918398235441,-110.0,35.0
1421,29.70130571574107,-109.75,35.0
1422,29.703992666367693,-109.5,35.0
1423,29.696146321610566,-109.25,35.0
1424,29.833706371347382,-109.0,35.0
1425,30.023177426030788,-108.75,35.0
1426,29.909439100953303,-108.5,35.0
1427,29.91499690926419,-108.25,35.0
1428,30.288492874264755,-108.0,35.0
1429,30.0069137273419,-107.75,35.0
1430,29.992487446279622,-107.5,35.0
1431,30.042939603351094,-107.25,35.0
1432,30.017415664548306,-107.0,35.0
1433,30.27937297776225,-106.75,35.0
1434,30.263531490636524,-106.5,35.0
1435,30.446896144025512,-106.25,35.0
1436,30.177526440641557,-106.0,35.0
1437,30.1955068569805,-105.75,35.0
1438,30.370641496162325,-105.5,35.0
1439,30.363634814208265,-105.25,35.0
1440,30.37356081971442,-105.0,35.0
1441,30.42821589907936,-104.75,35.0
1442,30.409516296671846,-104.5,35.0
1443,30.423430146842012,-104.25,35.0
1444,30.371590771244463,-104.0,35.0
1445,30.34766080204505,-103.75,35.0
1446,30.49835573694033,-103.5,35.0
1447,30.46102996870132,-103.25,35.0
1448,30.475956072878596,-103.0,35.0
1449,30.496238040292294,-102.75,35.0
1450,30.469562687472298,-101.75,35.0
1451,30.400902457342735,-101.5,35.0
1452,30.44590432615055,-101.25,35.0
1453,30.527819237300157,-101.0,35.0
1454,30.44831287679979,-100.75,35.0
1455,30.46069771087003,-100.5,35.0
1456,30.490271031316997,-100.0,35.0
1457,30.613294730325624,-99.0,35.0
1458,30.559909498905583,-98.75,35.0
1459,30.53792465729818,-98.25,35.0
1460,30.726345022090335,-98.0,35.0
1461,30.791892721624418,-97.75,35.0
1462,30.81398965250208,-97.5,35.0
1463,30.73474606165725,-97.25,35.0
1464,30.62711670873642,-97.0,35.0
1465,30.882515577964323,-96.75,35.0
1466,30.991696576258757,-96.5,35.0
1467,31.050582451844374,-96.25,35.0
1468,31.09718571659715,-96.0,35.0
1469,31.104840342725556,-95.75,35.0
1470,31.24596272871713,-95.5,35.0
1471,31.42452577410866,-95.25,35.0
1472,31.20525537580341,-95.0,35.0
1473,31.218090145156914,-94.75,35.0
1474,31.290314170325964,-94.5,35.0
1475,29.77760800624114,-114.5,35.25
1476,29.845580042483142,-114.25,35.25
1477,29.85966949340386,-114.0,35.25
1478,29.76015154285974,-113.75,35.25
1479,30.025860415713396,-113.5,35.25
1480,29.980615467177884,-113.25,35.25
1481,29.844581830973485,-113.0,35.25
1482,29.801873497828357,-112.75,35.25
1483,29.9729925594606,-112.5,35.25
1484,29.943623150311534,-112.25,35.25
1485,30.05566697071593,-112.0,35.25
1486,30.1182725824653,-111.75,35.25
1487,30.181370716808416,-111.5,35.25
1488,29.99011303873088,-111.25,35.25
1489,30.09765755840971,-111.0,35.25
1490,29.895822231727205,-110.75,35.25
1491,29.803517249668054,-110.5,35.25
1492,29.62783575543346,-110.25,35.25
1493,29.648155170118955,-110.0,35.25
1494,29.540893203583366,-109.75,35.25
1495,29.6164583616393,-109.5,35.25
1496,29.823884404275585,-109.25,35.25
1497,30.0976175812382,-109.0,35.25
1498,30.032150132861435,-108.75,35.25
1499,30.069244796334086,-108.5,35.25
1500,30.153766374663412,-108.25,35.25
1501,30.042921609614634,-108.0,35.25
1502,29.934892944550555,-107.75,35.25
1503,30.262103234813996,-107.5,35.25
1504,30.137639182610794,-107.25,35.25
1505,29.94489442885522,-107.0,35.25
1506,30.161827346587625,-106.75,35.25
1507,30.28585164497893,-106.5,35.25
1508,30.413633238770462,-106.25,35.25
1509,30.265479473936676,-106.0,35.25
1510,30.189760952536464,-105.75,35.25
1511,30.435066355952024,-105.5,35.25
1512,30.43712864745892,-105.25,35.25
1513,30.424037512051516,-105.0,35.25
1514,30.395613267724492,-104.75,35.25
1515,30.45252083446562,-104.5,35.25
1516,30.37794056912893,-104.25,35.25
1517,30.434423587401398,-104.0,35.25
1518,30.357308974211964,-103.75,35.25
1519,30.50814089402691,-103.5,35.25
1520,30.44204776367853,-103.25,35.25
1521,30.377413466299632,-103.0,35.25
1522,30.448329753291684,-102.5,35.25
1523,30.438144702768813,-102.25,35.25
1524,30.543960865824303,-102.0,35.25
1525,30.543222709917107,-101.75,35.25
1526,30.54383743767931,-100.75,35.25
1527,30.534454352688044,-100.5,35.25
1528,30.460599101273917,-100.25,35.25
1529,30.440395550506835,-100.0,35.25
1530,30.5030196284732,-99.25,35.25
1531,30.64223672476678,-98.25,35.25
1532,30.802854164317697,-98.0,35.25
1533,30.912712321285372,-97.75,35.25
1534,30.775762887973823,-97.25,35.25
1535,30.9248024343598,-97.0,35.25
1536,30.93945572266015,-96.75,35.25
1537,30.949212066256084,-96.5,35.25
1538,31.03940085166743,-96.25,35.25
1539,31.249049331294373,-96.0,35.25
1540,31.142646901069945,-95.75,35.25
1541,31.203243903047852,-95.25,35.25
1542,31.12348085400523,-95.0,35.25
1543,31.34656951553636,-94.75,35.25
1544,31.294265434098914,-94.5,35.25
1545,29.838584637956675,-114.5,35.5
1546,30.193573377627988,-114.25,35.5
1547,29.674966084504447,-114.0,35.5
1548,30.064809406028452,-113.75,35.5
1549,29.825330655627813,-113.5,35.5
1550,29.554278834675923,-113.25,35.5
1551,29.632667101823383,-113.0,35.5
1552,29.9232897186213,-112.75,35.5
1553,29.655001990779194,-112.5,35.5
1554,29.8011083654531,-112.25,35.5
1555,29.69476050666596,-112.0,35.5
1556,29.882640938863354,-111.75,35.5
1557,30.21711821462556,-111.5,35.5
1558,29.980590444172357,-111.25,35.5
1559,29.889665714711345,-111.0,35.5
1560,29.974758470524996,-110.75,35.5
1561,29.785287775352256,-110.5,35.5
1562,29.66296192606723,-110.25,35.5
1563,29.615508183691418,-110.0,35.5
1564,29.628320977472377,-109.75,35.5
1565,29.774130246700505,-109.5,35.5
1566,30.134966149764995,-109.25,35.5
1567,29.918145618412662,-109.0,35.5
1568,29.675872453228713,-108.75,35.5
1569,29.95210826255229,-108.5,35.5
1570,30.036186905895683,-108.25,35.5
1571,29.943485571572985,-108.0,35.5
1572,29.95505248430597,-107.75,35.5
1573,29.967546432760383,-107.5,35.5
1574,30.121377681892437,-107.25,35.5
1575,29.86434043030693,-107.0,35.5
1576,30.002095354586626,-106.75,35.5
1577,30.193017526393167,-106.5,35.5
1578,30.100096293852683,-106.25,35.5
1579,30.164841156076783,-106.0,35.5
1580,30.400908282031125,-105.75,35.5
1581,30.339249658373703,-105.5,35.5
1582,30.443015647402856,-105.25,35.5
1583,30.40253583636457,-105.0,35.5
1584,30.427449039828318,-104.75,35.5
1585,30.393227675020732,-104.5,35.5
1586,30.31683101393775,-104.25,35.5
1587,30.39041978367515,-104.0,35.5
1588,30.526083340998202,-103.75,35.5
1589,30.333855845477395,-103.5,35.5
1590,30.35458996687129,-103.25,35.5
1591,30.519929579221824,-103.0,35.5
1592,30.450351961886135,-102.75,35.5
1593,30.431492097913107,-102.5,35.5
1594,30.421156064817644,-102.25,35.5
1595,30.472727367806677,-102.0,35.5
1596,30.538218329490448,-101.75,35.5
1597,30.530896029909716,-101.5,35.5
1598,30.587854015520023,-101.25,35.5
1599,30.535663452796424,-100.75,35.5
1600,30.553851883585313,-100.5,35.5
1601,30.55808534007967,-100.25,35.5
1602,30.470664432323808,-100.0,35.5
1603,30.48138366938488,-99.5,35.5
1604,30.421763138317218,-99.25,35.5
1605,30.46360631108893,-99.0,35.5
1606,30.520094464756905,-98.5,35.5
1607,30.60149008489232,-98.25,35.5
1608,30.824365494871298,-97.25,35.5
1609,30.93334928133677,-97.0,35.5
1610,30.941710143385883,-96.75,35.5
1611,30.96673239937697,-96.5,35.5
1612,31.07671460889441,-96.25,35.5
1613,31.166647149981983,-96.0,35.5
1614,31.100750746485293,-95.75,35.5
1615,31.085259383271197,-95.5,35.5
1616,31.187827559937993,-95.25,35.5
1617,31.305148841660973,-95.0,35.5
1618,31.30896016125021,-94.75,35.5
1619,31.509926271920378,-94.5,35.5
1620,30.05102874637725,-114.5,35.75
1621,29.93609401656431,-114.25,35.75
1622,30.038074047631547,-114.0,35.75
1623,30.13556710237306,-113.75,35.75
1624,29.841950713188943,-113.5,35.75
1625,29.66393497143872,-113.25,35.75
1626,30.030823268869426,-113.0,35.75
1627,29.921297570668123,-112.75,35.75
1628,29.682213953745443,-112.5,35.75
1629,29.690855813734323,-112.25,35.75
1630,29.766536370669762,-112.0,35.75
1631,29.91518449193413,-111.75,35.75
1632,29.845049298874354,-111.5,35.75
1633,29.83995369770967,-111.25,35.75
1634,29.88085159081115,-111.0,35.75
1635,29.842261436928172,-110.75,35.75
1636,29.804959143395536,-110.5,35.75
1637,29.670089029957754,-110.25,35.75
1638,29.8210682778064,-110.0,35.75
1639,29.65623428139952,-109.75,35.75
1640,29.735040520427553,-109.5,35.75
1641,30.133303837335777,-109.25,35.75
1642,29.81326375266116,-109.0,35.75
1643,29.49546085613726,-108.75,35.75
1644,29.704154156616333,-108.5,35.75
1645,29.77543668079978,-108.25,35.75
1646,29.84736472243094,-108.0,35.75
1647,29.98384801724639,-107.75,35.75
1648,30.007839629540776,-107.5,35.75
1649,29.89891031875875,-107.25,35.75
1650,29.84838848546049,-107.0,35.75
1651,30.206928573830876,-106.75,35.75
1652,30.171805543983982,-106.5,35.75
1653,30.340870643979333,-106.25,35.75
1654,30.200132150261197,-106.0,35.75
1655,30.26887054260498,-105.75,35.75
1656,30.100424356957845,-105.5,35.75
1657,30.365769465843467,-105.25,35.75
1658,30.33703136895425,-105.0,35.75
1659,30.386106455705324,-104.75,35.75
1660,30.336096490950485,-104.5,35.75
1661,30.38985097126659,-104.25,35.75
1662,30.4693186099847,-104.0,35.75
1663,30.38392121965164,-103.75,35.75
1664,30.236778013388037,-103.5,35.75
1665,30.253551641626892,-103.25,35.75
1666,30.48738817319659,-103.0,35.75
1667,30.447546659469552,-102.75,35.75
1668,30.523572895176656,-102.5,35.75
1669,30.47925377497002,-102.25,35.75
1670,30.495727443465373,-102.0,35.75
1671,30.535790519291858,-101.75,35.75
1672,30.541796855713564,-101.5,35.75
1673,30.559817424451467,-101.25,35.75
1674,30.496689498711092,-101.0,35.75
1675,30.45744050104762,-100.75,35.75
1676,30.471473964043142,-100.5,35.75
1677,30.521838085743813,-100.25,35.75
1678,30.396051468549278,-100.0,35.75
1679,30.54859395346228,-99.75,35.75
1680,30.41405843254716,-99.5,35.75
1681,30.434720156853125,-99.25,35.75
1682,30.57784319600726,-98.75,35.75
1683,30.578121579373075,-98.5,35.75
1684,30.642309021661415,-98.25,35.75
1685,30.98816029609924,-97.5,35.75
1686,31.05151410720562,-97.25,35.75
1687,30.934273009219815,-97.0,35.75
1688,31.01574590754507,-96.75,35.75
1689,30.932793268141374,-96.5,35.75
1690,31.01120456204696,-96.25,35.75
1691,31.11331803074483,-96.0,35.75
1692,31.12035995631595,-95.75,35.75
1693,31.20007032752619,-95.5,35.75
1694,31.263497909508608,-95.0,35.75
1695,31.56029631653935,-94.75,35.75
1696,31.556521216935764,-94.5,35.75
1697,30.501277399106094,-114.5,36.0
1698,30.16368699961906,-114.25,36.0
1699,29.875126077878612,-114.0,36.0
1700,29.72378209605813,-113.75,36.0
1701,30.020004530410425,-113.5,36.0
1702,29.79209423386671,-113.25,36.0
1703,29.902258598579255,-113.0,36.0
1704,29.633622343302704,-112.75,36.0
1705,29.774523944435014,-112.5,36.0
1706,29.91215091594271,-112.25,36.0
1707,30.050820205718853,-112.0,36.0
1708,29.90637920633442,-111.75,36.0
1709,29.754868962757218,-111.5,36.0
1710,29.652918079153796,-111.25,36.0
1711,29.756401251531386,-111.0,36.0
1712,29.692775952126023,-110.75,36.0
1713,29.687417500417304,-110.5,36.0
1714,29.782325255572616,-110.25,36.0
1715,29.755943079002183,-110.0,36.0
1716,29.57178008531292,-109.75,36.0
1717,29.77681823356229,-109.5,36.0
1718,29.945513445669068,-109.25,36.0
1719,29.90703414372715,-109.0,36.0
1720,29.932420869866082,-108.75,36.0
1721,29.648259843413072,-108.5,36.0
1722,29.679055662881673,-108.25,36.0
1723,29.883674722332778,-108.0,36.0
1724,29.91810696464829,-107.75,36.0
1725,29.971595034314443,-107.5,36.0
1726,29.997901473993597,-107.25,36.0
1727,30.02419306396265,-107.0,36.0
1728,30.1605036676136,-106.75,36.0
1729,30.18530200819861,-106.5,36.0
1730,30.253578453915768,-106.25,36.0
1731,30.133654511325474,-106.0,36.0
1732,30.32759091603489,-105.75,36.0
1733,30.168258436169708,-105.5,36.0
1734,30.387967482419647,-105.25,36.0
1735,30.329049768163642,-105.0,36.0
1736,30.36506784528655,-104.75,36.0
1737,30.37251327679349,-104.5,36.0
1738,30.336111922244665,-104.25,36.0
1739,30.44565519439997,-104.0,36.0
1740,30.29659184680965,-103.75,36.0
1741,30.317141328723384,-103.5,36.0
1742,30.373002170683602,-103.25,36.0
1743,30.41084859318485,-102.5,36.0
1744,30.486694769714422,-101.0,36.0
1745,30.46154563059099,-100.75,36.0
1746,30.481117311990463,-100.5,36.0
1747,30.483118117352625,-100.25,36.0
1748,30.438195278702413,-99.75,36.0
1749,30.425879804927927,-99.5,36.0
1750,30.439879484190335,-99.25,36.0
1751,30.519859599536105,-99.0,36.0
1752,30.558275106096588,-98.5,36.0
1753,30.76950883189028,-98.0,36.0
1754,30.84628464400661,-97.75,36.0
1755,30.941198101929892,-97.5,36.0
1756,30.988769080993595,-97.25,36.0
1757,30.90231667070363,-97.0,36.0
1758,30.895870965137593,-96.75,36.0
1759,30.884255179604786,-96.5,36.0
1760,30.95801540732142,-96.25,36.0
1761,31.024745797243668,-95.75,36.0
1762,31.459580456450706,-95.0,36.0
1763,31.51377279250972,-94.75,36.0
1764,29.799091497154084,-114.0,36.25
1765,30.004406324473585,-113.75,36.25
1766,30.066289725541047,-113.5,36.25
1767,29.94704677957522,-113.25,36.25
1768,29.949718634835264,-113.0,36.25
1769,29.8064179070576,-112.75,36.25
1770,29.677327020223647,-112.5,36.25
1771,30.14573433059223,-112.25,36.25
1772,30.44587780676039,-112.0,36.25
1773,29.56335486625232,-111.75,36.25
1774,29.528623729610654,-111.5,36.25
1775,29.559382019649583,-111.25,36.25
1776,29.55841739565949,-111.0,36.25
1777,29.620511321062132,-110.75,36.25
1778,29.860525588878843,-110.5,36.25
1779,29.8989239755409,-110.25,36.25
1780,29.793884729731452,-110.0,36.25
1781,29.643615857207735,-109.75,36.25
1782,29.662574900535848,-109.5,36.25
1783,29.990667986815634,-109.25,36.25
1784,30.38754862092901,-109.0,36.25
1785,29.94589281289238,-108.75,36.25
1786,29.641864120651288,-108.5,36.25
1787,29.90678204314183,-108.25,36.25
1788,29.796802017193002,-108.0,36.25
1789,29.903098822269104,-107.75,36.25
1790,30.028939500451088,-107.5,36.25
1791,30.010967019918517,-107.25,36.25
1792,30.15048328286055,-107.0,36.25
1793,30.32855119662082,-106.75,36.25
1794,30.212950466386527,-106.5,36.25
1795,30.22468135528974,-106.25,36.25
1796,30.240523992271985,-106.0,36.25
1797,30.274762470331133,-105.75,36.25
1798,30.309296863234174,-105.5,36.25
1799,30.40738696372584,-105.25,36.25
1800,30.34005274532291,-105.0,36.25
1801,30.346288997579205,-104.75,36.25
1802,30.290802186968413,-104.5,36.25
1803,30.328446175417273,-104.25,36.25
1804,30.292918155916805,-104.0,36.25
1805,30.292885010779944,-103.75,36.25
1806,30.328614300900462,-103.5,36.25
1807,30.35842138518078,-103.25,36.25
1808,30.43377533093847,-102.75,36.25
1809,30.461842418460247,-102.5,36.25
1810,30.553277285975547,-101.75,36.25
1811,30.568003985332325,-101.25,36.25
1812,30.526683168539492,-100.75,36.25
1813,30.449409147733466,-100.5,36.25
1814,30.45690603998418,-100.25,36.25
1815,30.62414468944413,-100.0,36.25
1816,30.51549571996349,-99.5,36.25
1817,30.496014978073966,-99.25,36.25
1818,30.403238160598377,-99.0,36.25
1819,30.475623809842197,-98.75,36.25
1820,30.590673230951115,-98.25,36.25
1821,30.763862480895252,-98.0,36.25
1822,30.87863087671576,-97.75,36.25
1823,30.917388575953037,-97.5,36.25
1824,30.925284200267363,-97.25,36.25
1825,30.84995712325326,-97.0,36.25
1826,30.775285255029583,-96.75,36.25
1827,30.867094097600784,-96.5,36.25
1828,30.84081177495402,-96.25,36.25
1829,30.87054833419881,-96.0,36.25
1830,31.145461778223623,-95.5,36.25
1831,31.38226424878499,-95.25,36.25
1832,31.455406455258178,-95.0,36.25
1833,31.391651558633804,-94.75,36.25
1834,29.907637645190473,-114.0,36.5
1835,29.975821105320044,-113.75,36.5
1836,29.886478340992024,-113.5,36.5
1837,29.936167373384635,-113.25,36.5
1838,29.846554292065914,-113.0,36.5
1839,29.806863493727107,-112.75,36.5
1840,29.853726334717628,-112.5,36.5
1841,30.13824333015453,-112.25,36.5
1842,29.9936654671955,-112.0,36.5
1843,29.362680277075224,-111.75,36.5
1844,29.518781537644546,-111.5,36.5
1845,29.652535001767458,-111.25,36.5
1846,29.560251050604094,-111.0,36.5
1847,29.79477197021837,-110.75,36.5
1848,30.028438185648366,-110.5,36.5
1849,29.972175148544082,-110.25,36.5
1850,29.71052030777075,-110.0,36.5
1851,29.667020858310234,-109.75,36.5
1852,29.773795947257895,-109.5,36.5
1853,29.969807332390562,-109.25,36.5
1854,30.199639615195338,-109.0,36.5
1855,29.825636616972936,-108.75,36.5
1856,29.889587179954667,-108.5,36.5
1857,29.99467723800738,-108.0,36.5
1858,30.01613503432376,-107.75,36.5
1859,30.046737990516704,-107.5,36.5
1860,30.089349673138575,-107.25,36.5
1861,30.220964527353107,-107.0,36.5
1862,30.324989121926663,-106.75,36.5
1863,30.17790641861323,-106.5,36.5
1864,30.369761580037167,-106.25,36.5
1865,30.40318824303372,-106.0,36.5
1866,30.162370067945,-105.75,36.5
1867,30.325083836738486,-105.5,36.5
1868,30.556224070993128,-105.25,36.5
1869,30.3519083405912,-105.0,36.5
1870,30.28081391343641,-104.75,36.5
1871,30.24562736354822,-104.5,36.5
1872,30.350677742779506,-104.25,36.5
1873,30.14775611424165,-104.0,36.5
1874,30.15974544269221,-103.75,36.5
1875,30.156093934629236,-103.5,36.5
1876,30.325995019359443,-103.25,36.5
1877,30.388700124010658,-102.75,36.5
1878,30.53014370100125,-101.75,36.5
1879,30.514688398250236,-101.5,36.5
1880,30.505722051047577,-101.25,36.5
1881,30.464716807679416,-101.0,36.5
1882,30.451393623858728,-100.25,36.5
1883,30.467045285358417,-100.0,36.5
1884,30.511917970058185,-99.75,36.5
1885,30.479384821933657,-99.5,36.5
1886,30.435214262518386,-99.25,36.5
1887,30.436175152766875,-99.0,36.5
1888,30.24807381725091,-98.75,36.5
1889,30.440276821734958,-98.5,36.5
1890,30.833810796714925,-97.75,36.5
1891,30.895463192266806,-97.5,36.5
1892,30.945131492026402,-97.25,36.5
1893,30.794075740053533,-96.75,36.5
1894,30.780686867141274,-96.5,36.5
1895,30.92312784603564,-96.25,36.5
1896,31.025352418319716,-96.0,36.5
1897,31.070268437042476,-95.75,36.5
1898,31.130952812579032,-95.5,36.5
1899,31.166270501040763,-95.25,36.5
1900,31.23873278201119,-95.0,36.5
1901,31.333145548054464,-94.75,36.5
1902,29.77162766247728,-114.0,36.75
1903,30.215689944291416,-113.75,36.75
1904,30.081831817280126,-113.5,36.75
1905,29.78698861367705,-113.25,36.75
1906,29.635772140495156,-113.0,36.75
1907,29.711331549568477,-112.75,36.75
1908,29.60715813432874,-112.5,36.75
1909,29.919920875261035,-112.25,36.75
1910,29.744809807190904,-112.0,36.75
1911,29.617892111024748,-111.75,36.75
1912,29.57609831472599,-111.5,36.75
1913,29.495821715607935,-111.25,36.75
1914,29.675269854196813,-111.0,36.75
1915,29.958605929009188,-110.75,36.75
1916,29.876156586773085,-110.5,36.75
1917,29.95787299380978,-110.25,36.75
1918,29.662103103229757,-110.0,36.75
1919,29.84762587264413,-109.75,36.75
1920,29.715099791020084,-109.5,36.75
1921,29.82359067143093,-109.25,36.75
1922,30.102339355481,-109.0,36.75
1923,29.940921479007766,-108.75,36.75
1924,29.872997689336234,-108.25,36.75
1925,30.172284797700392,-108.0,36.75
1926,30.19178534531742,-107.75,36.75
1927,30.04123394994531,-107.5,36.75
1928,30.230862697908798,-107.25,36.75
1929,30.217416422224442,-107.0,36.75
1930,30.233586059699658,-106.75,36.75
1931,30.353303090604292,-106.5,36.75
1932,30.31202150910842,-106.25,36.75
1933,30.209151896833927,-106.0,36.75
1934,30.228198054748084,-105.75,36.75
1935,30.39315566447868,-105.5,36.75
1936,30.770301268706906,-105.25,36.75
1937,30.23372750665294,-105.0,36.75
1938,30.226606511804185,-104.75,36.75
1939,30.285338754967178,-104.5,36.75
1940,30.198254983247562,-104.25,36.75
1941,30.13407301051372,-104.0,36.75
1942,30.100124105298445,-103.75,36.75
1943,30.115842465947097,-103.5,36.75
1944,30.277820657746187,-103.25,36.75
1945,30.254957189541667,-103.0,36.75
1946,30.221291700402688,-102.75,36.75
1947,30.44169566307951,-102.0,36.75
1948,30.502217141683033,-101.75,36.75
1949,30.55306124694359,-101.5,36.75
1950,30.567490064431556,-101.25,36.75
1951,30.527467663117793,-101.0,36.75
1952,30.474295859762396,-100.75,36.75
1953,30.44499778752036,-100.5,36.75
1954,30.54779717233032,-100.0,36.75
1955,30.546860953331745,-99.75,36.75
1956,30.552856745959545,-99.25,36.75
1957,30.428064461728074,-99.0,36.75
1958,30.46831112755731,-98.5,36.75
1959,30.900574176043918,-97.5,36.75
1960,30.796971771937724,-97.0,36.75
1961,30.74624612048725,-96.75,36.75
1962,30.722910538331444,-96.5,36.75
1963,30.80525701229971,-96.25,36.75
1964,30.884598077003968,-95.75,36.75
1965,30.958459353629642,-95.5,36.75
1966,31.021756903922114,-95.25,36.75
1967,31.145950806219705,-95.0,36.75
1968,29.818819161672415,-113.25,37.0
1969,29.78535793944656,-113.0,37.0
1970,30.02112436097993,-112.75,37.0
1971,29.859760259296028,-112.5,37.0
1972,29.904798238603128,-112.25,37.0
1973,29.74144999888421,-112.0,37.0
1974,29.61191289609101,-111.75,37.0
1975,29.48088025979814,-111.5,37.0
1976,29.49970556291877,-111.25,37.0
1977,29.554140169280938,-111.0,37.0
1978,29.748383641760135,-110.75,37.0
1979,29.757728998403763,-110.5,37.0
1980,29.666875385339015,-110.25,37.0
1981,29.594568146036742,-110.0,37.0
1982,29.67655309968037,-109.75,37.0
1983,29.635436596521266,-109.5,37.0
1984,29.74018477974012,-109.25,37.0
