lag,month,attn
1,1,0.015862241
1,2,0.0152971465
1,3,0.01459979
1,4,0.01727408
1,5,0.017824816
1,6,0.017579269
1,7,0.017993392
1,8,0.017330902
1,9,0.018018903
1,10,0.016288439
1,11,0.017503072
1,12,0.017243996
2,1,0.016362809
2,2,0.0155726615
2,3,0.01454224
2,4,0.016545992
2,5,0.01798595
2,6,0.017105525
2,7,0.0183939
2,8,0.017191442
2,9,0.018237287
2,10,0.016531367
2,11,0.016834378
2,12,0.017461544
3,1,0.016623054
3,2,0.015617605
3,3,0.014772983
3,4,0.015861738
3,5,0.0180537
3,6,0.017171001
3,7,0.018358668
3,8,0.017031834
3,9,0.018334242
3,10,0.016879587
3,11,0.016546099
3,12,0.01742418
4,1,0.017021706
4,2,0.015605845
4,3,0.014941608
4,4,0.015591619
4,5,0.017765425
4,6,0.017401446
4,7,0.017863011
4,8,0.017264869
4,9,0.017902875
4,10,0.017504612
4,11,0.016393555
4,12,0.017419973
5,1,0.017379174
5,2,0.015866233
5,3,0.015193677
5,4,0.015118625
5,5,0.017340302
5,6,0.017727068
5,7,0.017213624
5,8,0.017853694
5,9,0.01748086
5,10,0.017601721
5,11,0.01668672
5,12,0.017090311
6,1,0.017649077
6,2,0.016255943
6,3,0.015500415
6,4,0.014735589
6,5,0.016691074
6,6,0.017938083
6,7,0.017006632
6,8,0.0182303
6,9,0.017155215
6,10,0.017930025
6,11,0.016625216
6,12,0.016740909
7,1,0.017743789
7,2,0.016599692
7,3,0.015739467
7,4,0.014796659
7,5,0.01611801
7,6,0.018005699
7,7,0.016812282
7,8,0.018250816
7,9,0.016942073
7,10,0.018241752
7,11,0.016803827
7,12,0.016344648
8,1,0.01778678
8,2,0.016962139
8,3,0.015680255
8,4,0.014902514
8,5,0.01577286
8,6,0.01764884
8,7,0.017245874
8,8,0.017836137
8,9,0.017182557
8,10,0.01811176
8,11,0.017029528
8,12,0.016200405
9,1,0.01746802
9,2,0.01742187
9,3,0.015823416
9,4,0.015158248
9,5,0.015387295
9,6,0.017194912
9,7,0.017552175
9,8,0.017499043
9,9,0.01755465
9,10,0.017327383
9,11,0.017754108
9,12,0.016102877
10,1,0.017131753
10,2,0.017763823
10,3,0.016302807
10,4,0.01549609
10,5,0.014876964
10,6,0.016527772
10,7,0.017902011
10,8,0.017076276
10,9,0.018008996
10,10,0.017058507
10,11,0.017739149
10,12,0.016159154
11,1,0.016476223
11,2,0.01784148
11,3,0.016765911
11,4,0.015715808
11,5,0.01477234
11,6,0.015971813
11,7,0.01781527
11,8,0.01677465
11,9,0.01832499
11,10,0.017003503
11,11,0.017936517
11,12,0.01636941
12,1,0.015851535
12,2,0.017805258
12,3,0.017056908
12,4,0.015770266
12,5,0.014857085
12,6,0.0155281555
12,7,0.01770569
12,8,0.0169536
12,9,0.018030524
12,10,0.017176934
12,11,0.017986739
12,12,0.016799571
13,1,0.015418864
13,2,0.017603956
13,3,0.017622024
13,4,0.015748998
13,5,0.015038474
13,6,0.015245157
13,7,0.017535383
13,8,0.017117731
13,9,0.01756929
13,10,0.017361505
13,11,0.017609755
13,12,0.017209115
14,1,0.0154673485
14,2,0.017330993
14,3,0.01784502
14,4,0.016217507
14,5,0.015455526
14,6,0.014650052
14,7,0.016951023
14,8,0.017601
14,9,0.017017368
14,10,0.017821934
14,11,0.017177746
14,12,0.017736781
15,1,0.015866172
15,2,0.016618492
15,3,0.01790595
15,4,0.016667739
15,5,0.015795704
15,6,0.014538289
15,7,0.016242027
15,8,0.017642336
15,9,0.016652556
15,10,0.018288167
15,11,0.017055275
15,12,0.017894045
16,1,0.016188057
16,2,0.016021132
16,3,0.017807392
16,4,0.017036421
16,5,0.015901232
16,6,0.014740095
16,7,0.015578374
16,8,0.017864956
16,9,0.016557455
16,10,0.018272823
16,11,0.016905205
16,12,0.018175423
17,1,0.016641298
17,2,0.015565482
17,3,0.017576518
17,4,0.017635347
17,5,0.015783498
17,6,0.015033418
17,7,0.015331452
17,8,0.017338846
17,9,0.017099801
17,10,0.017740695
17,11,0.017142426
17,12,0.017959656
18,1,0.01740615
18,2,0.0153114535
18,3,0.01752478
18,4,0.017880168
18,5,0.016006796
18,6,0.015333585
18,7,0.014879176
18,8,0.016908534
18,9,0.017455555
18,10,0.017078115
18,11,0.017745089
18,12,0.0172606
19,1,0.01743999
19,2,0.015990375
19,3,0.016868507
19,4,0.018030688
19,5,0.01650916
19,6,0.0155323045
19,7,0.01451194
19,8,0.016327858
19,9,0.017687721
19,10,0.01682848
19,11,0.018146342
19,12,0.016893122
20,1,0.01751945
20,2,0.016435193
20,3,0.016283454
20,4,0.018019833
20,5,0.016799431
20,6,0.015819132
20,7,0.014578947
20,8,0.015775686
20,9,0.0176848
20,10,0.016735425
20,11,0.018180035
20,12,0.016918784
21,1,0.0175213
21,2,0.016871111
21,3,0.01592614
21,4,0.01798478
21,5,0.017189706
21,6,0.015708989
21,7,0.014691309
21,8,0.015393085
21,9,0.017554825
21,10,0.017039191
21,11,0.017777253
21,12,0.017173408
22,1,0.017106375
22,2,0.017575355
22,3,0.01590592
22,4,0.01752376
22,5,0.017833754
22,6,0.015666422
22,7,0.014945508
22,8,0.0150008015
22,9,0.017205922
22,10,0.017285911
22,11,0.017449722
22,12,0.017429573
23,1,0.016939702
23,2,0.0175877
23,3,0.01611377
23,4,0.017079856
23,5,0.018034289
23,6,0.016306365
23,7,0.01526308
23,8,0.014387545
23,9,0.016692245
23,10,0.017636191
23,11,0.017036181
23,12,0.017839203
24,1,0.0169723
24,2,0.017726488
24,3,0.016352365
24,4,0.016535275
24,5,0.018155593
24,6,0.0167516
24,7,0.015469269
24,8,0.014340814
24,9,0.016020682
24,10,0.017585315
24,11,0.016745204
24,12,0.018282173
25,1,0.017173763
25,2,0.017630976
25,3,0.01672959
25,4,0.016162813
25,5,0.018098623
25,6,0.017066095
25,7,0.015514876
25,8,0.0145761585
25,9,0.015360649
25,10,0.017474843
25,11,0.016949927
25,12,0.018254882
26,1,0.017537354
26,2,0.017248217
26,3,0.01750809
26,4,0.015688896
26,5,0.017888226
26,6,0.017658727
26,7,0.015494293
26,8,0.014744007
26,9,0.015034296
26,10,0.017298127
26,11,0.017149527
26,12,0.017480267
27,1,0.017931202
27,2,0.017128889
27,3,0.017596437
27,4,0.015613385
27,5,0.017654257
27,6,0.017813604
27,7,0.015961904
27,8,0.014980594
27,9,0.014487424
27,10,0.016789893
27,11,0.017638793
27,12,0.017003883
28,1,0.01827322
28,2,0.01707769
28,3,0.0177202
28,4,0.015970754
28,5,0.016767357
28,6,0.018003203
28,7,0.016407998
28,8,0.015273285
28,9,0.014257952
28,10,0.016198304
28,11,0.017665077
28,12,0.016921146
29,1,0.018405855
29,2,0.017152138
29,3,0.017827313
29,4,0.016342396
29,5,0.016134566
29,6,0.017876204
29,7,0.016784227
29,8,0.015497595
29,9,0.014364154
29,10,0.015461185
29,11,0.01784021
29,12,0.016834391
30,1,0.017958263
30,2,0.017569927
30,3,0.017519305
30,4,0.017028369
30,5,0.015614341
30,6,0.017647304
30,7,0.017380325
30,8,0.015427367
30,9,0.014569536
30,10,0.015231102
30,11,0.017272986
30,12,0.017322116
31,1,0.01769936
31,2,0.0180415
31,3,0.017291702
31,4,0.017378658
31,5,0.01559553
31,6,0.017292276
31,7,0.017606705
31,8,0.015573118
31,9,0.014900454
31,10,0.014777708
31,11,0.01682375
31,12,0.01770674
32,1,0.017525243
32,2,0.018455938
32,3,0.017085882
32,4,0.017402632
32,5,0.01585987
32,6,0.016868642
32,7,0.017742015
32,8,0.016058553
32,9,0.015079134
32,10,0.014373916
32,11,0.016249187
32,12,0.01793882
33,1,0.017561862
33,2,0.018603351
33,3,0.01706596
33,4,0.017569995
33,5,0.016066449
33,6,0.016335772
33,7,0.017715283
33,8,0.016531397
33,9,0.015152407
33,10,0.01441226
33,11,0.015718246
33,12,0.01769442
34,1,0.017671697
34,2,0.018103054
34,3,0.017498862
34,4,0.017507391
34,5,0.016421728
34,6,0.015889691
34,7,0.017660195
34,8,0.016835587
34,9,0.01518775
34,10,0.01442447
34,11,0.015336386
34,12,0.01761609
35,1,0.0175425
35,2,0.017713068
35,3,0.018054176
35,4,0.016891325
35,5,0.017086884
35,6,0.015703695
35,7,0.017182985
35,8,0.017393073
35,9,0.015193301
35,10,0.01465513
35,11,0.014929753
35,12,0.017233865
36,1,0.017607873
36,2,0.017565373
36,3,0.018493539
36,4,0.01663954
36,5,0.017034076
36,6,0.015823238
36,7,0.016714968
36,8,0.017602393
36,9,0.015701713
36,10,0.01506706
36,11,0.014276902
36,12,0.016769283
37,1,0.017564347
37,2,0.017591575
37,3,0.018552816
37,4,0.016722215
37,5,0.017030448
37,6,0.016059028
37,7,0.01614517
37,8,0.01764224
37,9,0.016156465
37,10,0.015327579
37,11,0.014172006
37,12,0.015846571
38,1,0.017457135
38,2,0.017770698
38,3,0.018155344
38,4,0.01710161
38,5,0.017076802
38,6,0.016174566
38,7,0.015754018
38,8,0.017516533
38,9,0.016549617
38,10,0.015353748
38,11,0.0143468855
38,12,0.01531824
39,1,0.01717166
39,2,0.017758332
39,3,0.017806858
39,4,0.017346257
39,5,0.01669675
39,6,0.01684954
39,7,0.015280099
39,8,0.017259885
39,9,0.017284745
39,10,0.0152080115
39,11,0.014493394
39,12,0.015006137
40,1,0.01700217
40,2,0.017701367
40,3,0.017752992
40,4,0.0175546
40,5,0.016301671
40,6,0.017053464
40,7,0.015188872
40,8,0.017168162
40,9,0.017449493
40,10,0.015530894
40,11,0.014701136
40,12,0.014445337
41,1,0.016473688
41,2,0.017669965
41,3,0.017563203
41,4,0.017986486
41,5,0.016090605
41,6,0.017166363
41,7,0.015509238
41,8,0.016485298
41,9,0.017444203
41,10,0.016058372
41,11,0.01498006
41,12,0.014027918
42,1,0.015873801
42,2,0.017481
42,3,0.017662682
42,4,0.017998751
42,5,0.016058223
42,6,0.017192395
42,7,0.015842365
42,8,0.015889034
42,9,0.017448723
42,10,0.016367767
42,11,0.015209866
42,12,0.013979419
43,1,0.0155676585
43,2,0.017370373
43,3,0.017737154
43,4,0.017491303
43,5,0.01637291
43,6,0.01678326
43,7,0.016485574
43,8,0.015535709
43,9,0.01732617
43,10,0.016782897
43,11,0.015168486
43,12,0.014132624
44,1,0.015282571
44,2,0.016961366
44,3,0.01774673
44,4,0.017210975
44,5,0.016847566
44,6,0.016377544
44,7,0.01680057
44,8,0.015514611
44,9,0.01691447
44,10,0.01714426
44,11,0.015331855
44,12,0.014439409
45,1,0.014700637
45,2,0.01645819
45,3,0.017694527
45,4,0.017181182
45,5,0.017278228
45,6,0.016000543
45,7,0.01681039
45,8,0.015689867
45,9,0.016529793
45,10,0.01741106
45,11,0.015830265
45,12,0.014663387
46,1,0.01471784
46,2,0.015741363
46,3,0.017623652
46,4,0.017164089
46,5,0.017347382
46,6,0.015933314
46,7,0.017001057
46,8,0.015899723
46,9,0.015999049
46,10,0.017485762
46,11,0.016345024
46,12,0.014816863
47,1,0.014761831
47,2,0.015227704
47,3,0.017448017
47,4,0.017271454
47,5,0.016912175
47,6,0.016274085
47,7,0.016988931
47,8,0.016289879
47,9,0.015588952
47,10,0.017530533
47,11,0.016679183
47,12,0.014989272
48,1,0.014902975
48,2,0.014847931
48,3,0.017093442
48,4,0.017293751
48,5,0.016601028
48,6,0.016786195
48,7,0.016408384
48,8,0.017092353
48,9,0.015319024
48,10,0.017231429
48,11,0.017229624
48,12,0.015079566
49,1,0.015016571
49,2,0.014252327
49,3,0.016562179
49,4,0.017288731
49,5,0.016618425
49,6,0.017142357
49,7,0.016184816
49,8,0.017210377
49,9,0.015385069
49,10,0.016987832
49,11,0.01742693
49,12,0.015523653
50,1,0.015044964
50,2,0.014077886
50,3,0.015609462
50,4,0.017246373
50,5,0.016526667
50,6,0.017451929
50,7,0.016285975
50,8,0.01736661
50,9,0.01578497
50,10,0.016446736
50,11,0.017464874
50,12,0.016044486
51,1,0.014906297
51,2,0.014292532
51,3,0.014829975
51,4,0.01705003
51,5,0.016731752
51,6,0.017148986
51,7,0.016701614
51,8,0.017525896
51,9,0.016304594
51,10,0.015909499
51,11,0.017374791
51,12,0.016411925
52,1,0.014746116
52,2,0.014622333
52,3,0.014322267
52,4,0.016756227
52,5,0.01678242
52,6,0.01679288
52,7,0.01701171
52,8,0.017214024
52,9,0.017159574
52,10,0.015506721
52,11,0.017231818
52,12,0.016803807
53,1,0.014659263
53,2,0.01498659
53,3,0.01361978
53,4,0.016489536
53,5,0.016787915
53,6,0.016714947
53,7,0.017301131
53,8,0.016921073
53,9,0.017333115
53,10,0.0154883405
53,11,0.01731854
53,12,0.017100524
54,1,0.015066244
54,2,0.015067853
54,3,0.013554716
54,4,0.015770046
54,5,0.016727526
54,6,0.016608242
54,7,0.017751735
54,8,0.016639577
54,9,0.017535506
54,10,0.015865145
54,11,0.01680801
54,12,0.017134255
55,1,0.0154476985
55,2,0.014898631
55,3,0.014141519
55,4,0.015173628
55,5,0.01668499
55,6,0.016670605
55,7,0.017708024
55,8,0.016504247
55,9,0.01770354
55,10,0.016186398
55,11,0.016319372
55,12,0.01706455
56,1,0.015816959
56,2,0.014944241
56,3,0.014681831
56,4,0.014907417
56,5,0.016526032
56,6,0.016953794
56,7,0.017115196
56,8,0.016781408
56,9,0.017364657
56,10,0.01672952
56,11,0.015918382
56,12,0.017140685
57,1,0.016533187
57,2,0.015211504
57,3,0.015258885
57,4,0.014977503
57,5,0.016418368
57,6,0.01702764
57,7,0.016787708
57,8,0.017056797
57,9,0.016397
57,10,0.017399842
57,11,0.015792206
57,12,0.016830407
58,1,0.017140917
58,2,0.016104508
58,3,0.015986916
58,4,0.015363713
58,5,0.016590003
58,6,0.017061524
58,7,0.016774613
58,8,0.017208634
58,9,0.01607944
58,10,0.01704934
58,11,0.015995668
58,12,0.01670429
59,1,0.017930768
59,2,0.017530369
59,3,0.017418737
59,4,0.017031468
59,5,0.017247753
59,6,0.017572407
59,7,0.017336452
59,8,0.017503137
59,9,0.016682869
59,10,0.017109862
59,11,0.016720222
59,12,0.016842104
60,1,0.019483354
60,2,0.019893816
60,3,0.020133944
60,4,0.020098902
60,5,0.01957348
60,6,0.019100934
60,7,0.018820569
60,8,0.018599046
60,9,0.0185988
60,10,0.018395117
60,11,0.018481521
60,12,0.018749809
